ID,Label PME+,Raison sociale,Nom commercial,Statut,Marque,Effectif,Effectif du Groupe,Nb total de sites de production,Nb de sites de production en France,Type Adhérent, Siret,Année du CA,CA ,Année du CA n-1,CA n-1,Certfications*,Certifications,Nomenclature produit,Détail produit,billing_address_street,billing_address_postalcode,billing_address_city,phone_office,Région
00c6ba8a-e8de-11e9-9dbf-fa163eb33c65,Oui,AC MARCA IDEAL,IDEAL S.A.S,Adhérent,Ideal,95,,,,ETI,  97 150 286 900 037 ,31/12/2023,"€ 94 100 000,00",31/12/2021,"€ 63 335 900,00",,"ISO, BIO","Entretien du linge (lessive, teinture, adoucissant), Entretien maison (WC, sdb, cuisine, vitres, sols, désodo. )","Nettoyants ménagers, Savons, Gels hydroalcooliques, Additifs de Lavage,  Colles et adhésifs,  Protection solaire",#REF!,#REF!,#REF!,#REF!, 
f5982fe0-e8dd-11e9-bd86-fa163eb33c65,Oui,AGRO'NOVAE INDUSTRIE,AGRO'NOVAE INDUSTRIE,Adhérent,Les Comtes de Provence,35,,,,PME,  33 863 506 300 047 ,31/12/2024,"€ 11 600 000,00",1/1/2017,"€ 8 042 000,00",,BIO,Petit-déjeuner,"Confitures, compotes, miels bio, aides culinaires",#REF!,#REF!,#REF!,#REF!, 
b62cfffa-5751-11eb-a5e2-fa163eb33c65,Oui,AGROBIOTHERS,AGROBIOTHERS,Adhérent,,138,,,,ETI,  30 322 950 400 020 ,31/12/2023,"€ 55 739 201,00",30/12/2020,"€ 60 000 000,00",,BIO,"Accessoires animaux, Soins pour animaux","1-Hygiene et soins pour Animaux (Antiparasitaires medicaments et biocides, soins quotidiens (cosmetiques, dentaires, complements
alimentaires)
2- Accessoires pour Animaux (Litières, Hygiene, Couchages, Sellerie, Jouets, snacks/nutrition)",#REF!,#REF!,#REF!,#REF!, 
f3c9ebd0-770b-11ed-aa2d-fa163e4cbe98,Oui,AGROMEX,TERROIR D'ORIGINE,Adhérent,"SYBLIME, LA DEMOISELLE, LES PARISIENNES, BLONDIE, MISS GRILL",11,,,,PME,  50 468 563 700 028 ,30/11/2021,"€ 31 588 271,00",,,,,Fruits et légumes bruts,"POMME DE TERRE CONDITIONNEE marché du frais (vrac et tout emballage, lavée et non lavée)",#REF!,#REF!,#REF!,#REF!, 
f5a89ea2-e8dd-11e9-8a83-fa163eb33c65,Oui,AIL AIL AIL,AIL AIL AIL,Adhérent,,7,,,,TPE,  48 035 321 800 021 ,31/12/2024,"€ 1 790 000,00",,,,,"Aides culinaires, sauces, condiments, épices, Produits apéritifs, chips","Saurisserie, Entrées traiteur, Terrines, Mousses, Apéritifs, Salades, Entrée froide",#REF!,#REF!,#REF!,#REF!, 
a3669e4a-e8de-11e9-a197-fa163eb33c65,Oui,ALPES BISCUITS,ALPES BISCUITS,Adhérent,,25,,,,PME,  38 219 585 700 018 ,31/12/2024,"€ 7 820 000,00",24/10/2018,"€ 5 500 000,00",,BIO,"Traiteur LS, Surgelés salés, Surgelés sucrés, Petit-déjeuner, Confiserie et chocolat","PGC, Madeleines, Sablés, Financiers, Mini Cakes, Cakes et Fondants, Barres de céréales, Biscuits sucrés, Crackers salés, Palets, Spéculoos, Nougats, Macrobiotique",#REF!,#REF!,#REF!,#REF!, 
f5f040b8-e8dd-11e9-870e-fa163eb33c65,Oui,ALPHANUTRITION,ALPHANUTRITION,Adhérent,,63,,,,PME,  45 015 773 000 026 ,1/1/2017,"€ 17 584 000,00",,,,BIO,"Produits apéritifs, chips, Surgelés salés, Surgelés sucrés, Produits diététiques sucrés, PPI, produits à garnir, pain d'épice, madeleine, Petit-déjeuner","Barres céréalières, Panification sèche, Diététique, Tartines salées et sucrées",#REF!,#REF!,#REF!,#REF!, 
f5f5c7d6-e8dd-11e9-a18f-fa163eb33c65,Oui,ALPINA SAVOIE,ALPINA SAVOIE,Adhérent,,150,,,,PME,  74 572 113 400 013 ,1/1/2015,"€ 46 000 000,00",,,,BIO,"Aides culinaires, sauces, condiments, épices, Féculents, légumineuses","Pate alimentaire, Féculents, Légumes secs,  Sauces, Coulis, Couscous, Crozets, Polenta",#REF!,#REF!,#REF!,#REF!, 
f5f9e136-e8dd-11e9-a36c-fa163eb33c65,Oui,ALTERFOOD,ALTERFOOD,Adhérent,"Aquapax, Alo Drinks, Belvoir, Bionade, Marcel Bio, Dr Antonio Martins, Eau Celtic, In/Fusion, Marley Coffee, Matahi, Pipers Crisps, Special Tea, The Berry Company, Bahia Drink",27,,,,PME,  51 217 542 300 015 ,31/12/2023,"€ 10 068 446,00",,,,BIO,"Boissons à base de plantes, Jus de fruits et jus de légumes ambiants, Petit-déjeuner, Potages, soupes, croutons, Sodas, limonades, Soupe, jus de fruits frais, compotes fraîches","Distribution de produits alimentaires : boissons et snacking, thé glacé, jus de fruits, eaux de coco, limonades, sodas, soupes, barres céréales, snack salé",#REF!,#REF!,#REF!,#REF!, 
f610024a-e8dd-11e9-9465-fa163eb33c65,Oui,ALTHO SAS,ALTHO BRETS SAS,Adhérent,"bret's, altho",249,,,,ETI,  39 772 959 100 016 ,31/12/2024,"€ 310 000 000,00",1/1/2018,"€ 110 000 000,00",,BIO,"Produits apéritifs, chips, Salades au Trad, Surgelés salés, Traiteur LS","Chips et snacks salés, Produits salés apéritif, chips natures, chips aromatisées, chips de légumes, chips bio natures et aromatisées, chips de sarrasin, psa",#REF!,#REF!,#REF!,#REF!, 
a3eafe7e-e8de-11e9-ad21-fa163eb33c65,Oui,APIDIS,APIDIS,Adhérent,,49,,,,PME,  39 526 901 200 054 ,31/12/2022,"€ 17 800 000,00",,,,BIO,Petit-déjeuner,"Miels, préparations au miel (miel et gelée royale, miel et propolis, miel et pollen, miel et ginseng ou combinaisons de ces produits) et produits à base de miels (pain d'épices, nonettes, confiseries, chocolats, moutardes, vinaigres, hydromels, nougats, galettes...)",#REF!,#REF!,#REF!,#REF!, 
f652fb22-e8dd-11e9-a03c-fa163eb33c65,Oui,AQUALIS SEAFOOD,AQUALIS SEAFOOD,Adhérent,,5,,,,PME,  41 374 797 300 035 ,1/1/2023,"€ 6 715 000,00",,,,,"Surgelés salés, Surgelés sucrés, Soupe, jus de fruits frais, compotes fraîches","Poissons surgelés, Fruits de mer surgelés, Gamme de tartinables et soupe de poissons de criée",#REF!,#REF!,#REF!,#REF!, 
22643850-c182-11ec-83f6-fa163eb33c65,Oui,BALARAMA,BALARAMA,Adhérent,,38,,,,PME,  80 968 125 700 014 ,31/3/2025,"€ 7 000 000,00",,,IFS,BIO,"Produits diététiques salés, Produits diététiques sucrés","barres céréales, bio, substituts de repas, sport – MDD",#REF!,#REF!,#REF!,#REF!, 
249392ee-6cfb-11ee-9f2f-fa163e4cbe98,Oui,BIERES FINES / DECK & DONOHUE,BIERES FINES / DECK & DONOHUE,Adhérent,,16,,,,PME,  79 746 103 500 025 ,31/12/2023,"€ 3 157 680,00",,,,BIO,Cidres et bières,BIERES,#REF!,#REF!,#REF!,#REF!, 
f75313b8-e8dd-11e9-be6a-fa163eb33c65,Oui,BINIC GASTRONOMIE SAS,BINIC GASTRONOMIE - MERE LALIE,Adhérent,,17,,,,PME,  42 352 009 700 027 ,31/3/2024,"€ 8 000 000,00",,,,,"Traiteur de la mer LS, Surgelés sucrés, Surgelés salés, Conserves viande, poisson, légumes, Plats cuisinés, Traiteur LS, Soupe, jus de fruits frais, compotes fraîches","Entrées et plats cuisinés surgelés, Produits de la mer, Poissons frais et surgelés, Conserves de poisson, Conserves de légumes, Sauces, Rillettes, Tripes cuisinées, Pâtés, Tartinables, Petfood",#REF!,#REF!,#REF!,#REF!, 
11e2f0f8-ede3-11ea-aec5-fa163eb33c65,Oui,BIOFUTURE,BIOFUTURE,Adhérent,,8,,,,PME,  51 311 797 800 033 ,31/12/2023,"€ 3 700 000,00",28/12/2019,"€ 3 100 000,00",,"BIO, Sans gluten","Aides culinaires, sauces, condiments, épices","Huiles, assaisonnements et sauces biologiques. 
- Mélanges d'huiles santé adaptés à notre âge
- Huile d'olive vierge extra bio en emballage Tetrapak
- Vinaigrettes bio 
- Sauces Ketchup, Mayonnaise, Barbecue
100% bio, 0% additif, Origine France Garantie.",#REF!,#REF!,#REF!,#REF!, 
1994a3b8-a219-11ed-ae28-fa163e4cbe98,Oui,BIOGROUPE,BIOGROUPE,Adhérent,,52,,,,PME,  51 880 245 900 041 ,31/12/2022,"€ 7 000 000,00",,,,BIO,"Ultra frais (yaourt, dessert frais)","KOMBUTCHA, KEFIR, DESSERTS VEGETAUX",#REF!,#REF!,#REF!,#REF!, 
f1f25204-f135-11ec-91b3-fa163e4cbe98,Oui,BIOMERE,jubiles,Adhérent,Jubiles en réseau spécialisé bio et RHF Atika en GMS et RHF,9,,,,TPE,  83 094 262 900 056 ,31/12/2024,"€ 1 800 000,00",,,,,"Spiritueux, Vins tranquilles, Vins effervescents et champagnes, Cidres et bières, Eaux plates, gazeuses et aromatisées, Jus de fruits et jus de légumes ambiants, Sodas, limonades, Sirops, Boissons à base de plantes","BIOMERE fabrique une boisson pétillante issue de la fermentation naturelle de thé : le kombucha.
C'est une boisson saine, délicatement acidulée, proposée comme alternatives aux boissons sucrées traditionnelles : sodas, limonade, etc.
",#REF!,#REF!,#REF!,#REF!, 
f774fb68-e8dd-11e9-b834-fa163eb33c65,Oui,BIOPLANTS FRANCE,BIOPLANTS FRANCE,Adhérent,,12,,,,PME,  52 772 723 400 033 ,31/12/2022,"€ 40 000 000,00",31/12/2021,"€ 2 446 000,00",,BIO,Fleurs et plantes,Plantes aromatiques,#REF!,#REF!,#REF!,#REF!, 
f7995cd8-e8dd-11e9-a7be-fa163eb33c65,Oui,BIOVIVER CONSERVERIE,BIOVIVER CONSERVERIE,Adhérent,,63,,,,PME,  34 989 119 200 024 ,1/1/2017,"€ 16 638 000,00",,,,BIO,"Desserts ambiants, Conserves viande, poisson, légumes",Conserves de fruits et de légumes,#REF!,#REF!,#REF!,#REF!, 
f7b4018c-e8dd-11e9-afb1-fa163eb33c65,Oui,BISCUITERIE DE L'ABBAYE,BISCUITERIE DE L'ABBAYE,Adhérent,,255,,,,PME,  37 645 002 900 016 ,31/12/2022,"€ 48 600 000,00",31/12/2021,"€ 42 800 000,00",,BIO,"Produits diététiques sucrés, Biscuits, Produits apéritifs, chips",Biscuits sucrés et salés,#REF!,#REF!,#REF!,#REF!, 
08fd6ce4-e8de-11e9-84b8-fa163eb33c65,Oui,BISCUITERIE FINE DE FRANCE,BISCUITERIE FINE DE FRANCE,Adhérent,,20,,,,PME,  34 954 336 300 023 ,30/12/2023,"€ 5 365 510,00",,,,,"Surgelés sucrés, PPI, produits à garnir, pain d'épice, madeleine",,#REF!,#REF!,#REF!,#REF!, 
f7e1b8c0-e8dd-11e9-b78d-fa163eb33c65,Oui,BISCUITS BOUVARD,BISCUITS BOUVARD,Adhérent,"B!Bouvard, Saint Georges, Cantreau, Bioalbon, Bioalbon Origine, Les 3 Toques, Pidy, Délos",,,,,ETI,  75 720 010 000 027 ,1/1/2016,"€ 260 000 000,00",,,,BIO,Biscuits,"Biscuits Sucrés, Biscuits au Chocolat, Petits Beurre, Cookies, Tartelettes au Chocolat, Sablés, Biscuits Fourrés, Boudoirs, Biscuits Petit Déjeuner aux Céréales",#REF!,#REF!,#REF!,#REF!, 
f7eabac4-e8dd-11e9-82c6-fa163eb33c65,Oui,BISCUITS FOSSIER,BISCUITS FOSSIER,Adhérent,,95,,,,PME,  37 826 992 200 050 ,31/12/2023,"€ 9 930 970,00",,,,,Biscuits,"Biscuits roses, Gâteaux (Madeleines, Quatre Quarts, Pains d’épices)",#REF!,#REF!,#REF!,#REF!, 
f8000370-e8dd-11e9-bcb9-fa163eb33c65,Oui,BLOOMUP,BLOOMUP,Adhérent,,2,,,,PME,  52 425 386 100 016 ,31/12/2022,"€ 5 759 401,00",,,,,"Capillaire (shampoing, soin, coloration, accessoires), Soin du corps (gel douche, crème, déo, dépilatoire, solaire, Savon), Parfum, eau de toilette","Parfumerie, Produits de beauté, Produits cosmétiques (douche, capillaire, corps)
",#REF!,#REF!,#REF!,#REF!, 
f806cbf6-e8dd-11e9-9316-fa163eb33c65,Oui,BOEHLI  SAS,BOEHLI  SAS,Adhérent,,70,,,,PME,  41 523 042 400 020 ,1/1/2016,"€ 11 800 000,00",,,,BIO,"Produits apéritifs, chips, Biscuits","Biscuits salés apéritifs : Sticks, Bretzels, Rondzels, Gamme Bio",#REF!,#REF!,#REF!,#REF!, 
ec6c292e-3b77-11eb-a4b5-fa163eb33c65,Oui,BONBEC SHOW,LES ATELIERS DE TONTON PIERROT,Adhérent,,9,,,,TPE,  44 978 663 100 019 ,31/12/2022,"€ 1 900 000,00",31/12/2019,"€ 1 400 000,00",,,Surgelés sucrés,"Confiserie originale
Brochette en bonbons
Bouquet en bonbons
Gâteau en bonbons
Cadeau en bonbons
Sucrerie plaisir
Gourmandise à partager",#REF!,#REF!,#REF!,#REF!, 
f830dd9c-e8dd-11e9-97f4-fa163eb33c65,Oui,BORDE SA,BORDE SA,Adhérent,,70,,,,PME,  78 826 729 200 043 ,31/12/2023,"€ 18 600 000,00",,,,,"Aides culinaires, sauces, condiments, épices, Conserves viande, poisson, légumes","Champignons, Huiles de Truffe, Fruits Rouges",#REF!,#REF!,#REF!,#REF!, 
f84d3870-e8dd-11e9-82c7-fa163eb33c65,Oui,BPA ANGERS,BPA,Adhérent,,220,,,,PME,  32 872 594 000 030 ,1/1/2020,"€ 4 500 000,00",,,,"BIO, Sans gluten","PPI, produits à garnir, pain d'épice, madeleine, Viennoiseries","Pains, Viennoiseries, Pâtisseries, Galettes des rois, Pains spéciaux pour Snacking (Burger, kebab, bagel's, Ciabatta,..)",#REF!,#REF!,#REF!,#REF!, 
f8715124-e8dd-11e9-b8b8-fa163eb33c65,Oui,BRASSERIE CASTELAIN,BRASSERIE CASTELAIN,Adhérent,"Chti, Maltesse, Jade, Berdy,",42,,,,PME,  31 525 575 200 018 ,31/12/2024,"€ 23 000 000,00",,,,"IFS, BRC, BIO",Cidres et bières,Fabrication de bières,#REF!,#REF!,#REF!,#REF!, 
69c23d24-4374-11eb-9510-fa163eb33c65,Oui,BRASSERIE DE VEZELAY,BRASSERIE DE VEZELAY,Adhérent,,15,,,,TPE,  53 273 732 700 025 ,31/12/2024,"€ 1 667 000,00",,,,BIO,Cidres et bières,"biere
",#REF!,#REF!,#REF!,#REF!, 
88418b3e-abe8-11ea-87d7-fa163eb33c65,Oui,BRASSERIE DES 3 MONTS,Brasserie DES 3 MONTS,Adhérent,,27,,,,PME,  33 185 949 600 019 ,30/9/2024,"€ 35 156 979,00",29/12/2020,"€ 12 000 000,00",,,Cidres et bières,Brasserie 3 MONTS,#REF!,#REF!,#REF!,#REF!, 
f88ae35a-e8dd-11e9-99f5-fa163eb33c65,Oui,BRASSERIE DUYCK,BRASSERIE DUYCK,Adhérent,Jenlain,47,,,,PME,  40 116 220 100 024 ,31/12/2023,"€ 17 000 000,00",,,,"IFS, BRC, ISO",Cidres et bières,Bières de Garde Ambrée et Blonde,#REF!,#REF!,#REF!,#REF!, 
88c08f08-249b-11ef-bbbb-005056966fe6,Oui,BRASSERIE LICORNE,BRASSERIE LICORNE,Adhérent,,,,,,ETI,  38 107 778 300 029 ,31/12/2023,"€ 89 600 000,00",31/12/2021,"€ 80 510 259,00",,,Cidres et bières,BIERES,#REF!,#REF!,#REF!,#REF!, 
f89c4118-e8dd-11e9-8718-fa163eb33c65,Oui,BRASSERIE METEOR,BRASSERIE METEOR,Adhérent,"Meteor, Wendelinus, Ackerland,",200,,,,PME,  59 850 064 300 013 ,1/1/2016,"€ 50 000 000,00",,,,"IFS, ISO","Spiritueux, Vins tranquilles, Vins effervescents et champagnes, Cidres et bières, Eaux plates, gazeuses et aromatisées, Jus de fruits et jus de légumes ambiants, Sodas, limonades, Sirops, Boissons à base de plantes",Bières,#REF!,#REF!,#REF!,#REF!, 
f8a8ba06-e8dd-11e9-aed1-fa163eb33c65,Oui,BRETZEL BURGARD,BRETZEL BURGARD,Adhérent,Bretzel Burgard,191,,,,PME,  43 777 366 600 122 ,31/12/2023,"€ 29 900 000,00",,,,"IFS, BIO","Pains, Surgelés salés, Surgelés sucrés, Traiteur LS","Produits traiteur apéritif surgelés : canapés, pains surprises, bouchées apéritives ...  - Produits de boulangerie surgelés  - Produits snacking surgelés",#REF!,#REF!,#REF!,#REF!, 
f8ac8000-e8dd-11e9-8f97-fa163eb33c65,Oui,BRIOCHES FONTENEAU,BRIOCHES FONTENEAU,Adhérent,,130,,,,PME,  32 810 477 300 010 ,1/1/2017,"€ 46 000 000,00",,,,,"Surgelés sucrés, PPI, produits à garnir, pain d'épice, madeleine, Viennoiseries",Brioches,#REF!,#REF!,#REF!,#REF!, 
f8afcbfc-e8dd-11e9-af37-fa163eb33c65,Oui,BRITT BRASSERIE DE BRETAGNE,BRITT BRASSERIE DE BRETAGNE,Adhérent,"britt, Sant Erwann, Dremmwel, Celtika, Ar Men, Gwimiz Du, Altiplano, Britt Cola",45,,,,PME,  41 867 174 900 012 ,31/12/2024,"€ 26 103 000,00",,,,"IFS, BIO, Sans gluten",Cidres et bières,Bières,#REF!,#REF!,#REF!,#REF!, 
3846a1c4-0766-11ed-b59c-fa163e4cbe98,Oui,BY WOMEN COMPANY,FAVA,Adhérent,,9,,,,TPE,  84 502 116 100 011 ,14/12/2021,"€ 1 000 000,00",,,,,"Hygiène intime (tampons, incontinence, couche adulte)","- usage unique (serviettes hygiéniques, tampons digitaux, tampons avec applicateur, protège-culottes)
-réutilisable (culottes menstruelles, serviettes lavables, cup)
- gamme maternité (serviettes post-partum, coussinets d'allaitement lavables, infusion post-partum, infusion allaitement)
- infusion règles douloureuses",#REF!,#REF!,#REF!,#REF!, 
f8d691b0-e8dd-11e9-bc4f-fa163eb33c65,Oui,CACOLAC,CACOLAC,Adhérent,CACOLAC,33,,,,PME,  45 620 239 900 048 ,31/12/2023,"€ 22 101 680,00",,,,"IFS, BIO, Sans gluten","Eaux plates, gazeuses et aromatisées, Petit-déjeuner",Boissons lactées chocolatées en canette ou bouteille,#REF!,#REF!,#REF!,#REF!, 
0606a106-2a8f-11eb-846c-fa163eb33c65,Oui,CAFES FACTORERIE,CAFES FACTORERIE,Adhérent,,8,,,,TPE,  38 022 213 300 049 ,31/12/2024,"€ 1 160 000,00",,,,BIO,Petit-déjeuner,"1 GAMME DE CAFES (GRAIN / MOULU / CAPSULES)
1 GAMME DE POIVRES GRAIN",#REF!,#REF!,#REF!,#REF!, 
f8e42a64-e8dd-11e9-9df6-fa163eb33c65,Oui,CAFES MALONGO,CAFES MALONGO,Adhérent,,400,,,,ETI,  95 580 206 100 106 ,31/8/2023,"€ 119 783 574,00",,,,,Petit-déjeuner,"Cafés et thés, Machines à Café",#REF!,#REF!,#REF!,#REF!, 
f943a232-e8dd-11e9-9323-fa163eb33c65,Oui,CBF (CONSERVERIE AU BEC FIN),CONSERVERIE AU BEC FIN,Adhérent,,19,,,,PME,  38 307 362 400 033 ,31/12/2022,"€ 4 615 000,00",,,,BIO,"Conserves viande, poisson, légumes, Plats cuisinés, Potages, soupes, croutons, Produits apéritifs, chips, Traiteur LS","Soupes de la Mer, Soupes de Légumes, Plats Cuisinés (Ratatouilles, Bouillabaisse en bocaux), Tartinables et Apéritifs Frais, Sauces (Confits, Sauces cuisinées d’accompagnement), Paniers Garnis",#REF!,#REF!,#REF!,#REF!, 
f955374a-e8dd-11e9-a58c-fa163eb33c65,Oui,CELTIGEL,CELTIGEL,Adhérent,,230,,,,ETI,  49 698 022 800 027 ,31/3/2024,"€ 60 000 000,00",,,,BIO,"Traiteur LS, Surgelés salés","Apéritifs, Entrées et Plats Cuisinés Surgelés (Fruits de Mer, Noix de St Jacques, Poissons, Brandade de Morue, Grains de Poissons, Hachis parmentier, Moussaka, Couscous, Lasagnes)",#REF!,#REF!,#REF!,#REF!, 
f95aa75c-e8dd-11e9-9159-fa163eb33c65,Oui,CERECO,CERECO,Adhérent,,110,,,,PME,  38 136 495 900 027 ,31/12/2021,"€ 50 000 000,00",,,,BIO,Petit-déjeuner,"Céréales : Mueslis, Krunchy, Corn Flakes, Tartines, Galettes, Biscuits, Snacks, Coin Epicerie, Coin Apéritifs, Produits sans gluten",#REF!,#REF!,#REF!,#REF!, 
f98a2d9c-e8dd-11e9-92d8-fa163eb33c65,Oui,CHARBONNEAUX BRABANT,CHARBONNEAUX BRABANT,Adhérent,Antichi Colli,170,,,,ETI,  33 578 220 700 013 ,31/12/2023,"€ 133 000 000,00",31/12/2021,"€ 140 000 000,00",,,"Aides culinaires, sauces, condiments, épices, Bricolage, électricité","Epicerie Salé (Vinaigres, Moutardes, Sauces, Vinaigrettes), Entretien Maison (Entretien, Automobile, Combustibles, Jardinage), Chimie Industrielle (Produits formulés, Conditionnements)
",#REF!,#REF!,#REF!,#REF!, 
f99caf9e-e8dd-11e9-bc2f-fa163eb33c65,Oui,CHARCUTERIE DU BLAVET,CHARCUTERIE DU BLAVET,Adhérent,,43,,,,PME,  42 169 149 400 023 ,1/1/2017,"€ 8 696 000,00",,,,,"Charcuterie et saucisserie à cuire au Trad, Charcuterie LS",,#REF!,#REF!,#REF!,#REF!, 
f9a6d65e-e8dd-11e9-b1a3-fa163eb33c65,Oui,CHARCUTERIE PIERRE SCHMIDT SAS,CHARCUTERIE PIERRE SCHMIDT SAS,Adhérent,,283,,,,ETI,  63 850 041 300 049 ,1/1/2022,"€ 90 228 118,00",,,,,"Charcuterie et saucisserie à cuire au Trad, Charcuterie LS, Traiteur LS","Produtis Charcuterie (Saucisses, Roulades, Produits à tartiner, Salaison, Jambon, Pièces Fumées, Charcuterie tranchée, Grillades) Traiteur (Feuilletés à partager, Pièce de charcuterie pâtissières, Quiches, Tartes, Tourtes, Aspics, Kouglofs Apéritifs, Pâtés en Croûte, Flammekueche, Plats Cuisinés Alsaciens)",#REF!,#REF!,#REF!,#REF!, 
01b9f3c6-e8de-11e9-b028-fa163eb33c65,Oui,CHARCUTERIE VENDEENNE (PETITGAS),LA CHARCUTERIE VENDEENNE (PETITGAS),Adhérent,,250,,,,ETI,  32 295 081 700 013 ,31/12/2023,"€ 70 000 000,00",1/1/2017,"€ 65 000 000,00",,,"Charcuterie LS, Charcuterie et saucisserie à cuire au Trad, Jambons cuit et cru au Trad",,#REF!,#REF!,#REF!,#REF!, 
f9b0fe72-e8dd-11e9-a5e1-fa163eb33c65,Oui,CHARLES ET ALICE,CHARLES ET ALICE,Adhérent,,150,,,,ETI,  34 768 107 400 048 ,31/12/2023,"€ 122 793 000,00",,,,"IFS, BRC, ISO, BIO, Sans gluten","Desserts ambiants, Salades au Trad","Compotes, Veloutés aux Fruits, Yaourts avec compotes, Yaourts, Brassés, Jus de Fruits Français",#REF!,#REF!,#REF!,#REF!, 
465f34a6-5891-11ee-995d-fa163e4cbe98,Oui,CHICHE,CHICHE,Adhérent,,10,,,,TPE,  82 106 484 700 022 ,6/10/2022,"€ 600 000,00",,,,,"Produits apéritifs, chips","Snacking salés (graines grillées apéritives, curls soufflés, chips...) et sucré (biscuits, pâtes à tartiner, graines grillées caramélisées…) à base de légumineuses (pois chiche, fèves…) francaises",#REF!,#REF!,#REF!,#REF!, 
f9c93d2a-e8dd-11e9-8eea-fa163eb33c65,Oui,CHICOREE DU NORD,CHICOREE DU NORD,Adhérent,lutun,10,,,,PME,  33 383 300 200 012 ,1/1/2018,"€ 2 300 000,00",,,,"BIO, Sans gluten",Petit-déjeuner,Chicorée Torréfiée,#REF!,#REF!,#REF!,#REF!, 
f9cfbbb4-e8dd-11e9-a66a-fa163eb33c65,Oui,CHICOREE LEROUX SAS,CHICOREE LEROUX,Adhérent,,160,,,,PME,  4 575 081 700 012 ,12/12/2024,"€ 38 000 000,00",,,,"ISO, BIO",Petit-déjeuner,"Chicorée sous toutes formes (Liquides, Grains, Solubles, Moulus) Conventionnels et Bio",#REF!,#REF!,#REF!,#REF!, 
c73c85e6-9098-11ec-b963-fa163eb33c65,Oui,CHOCOLARTISAN,CHOCOLARTISAN,Adhérent,L'Artisan Tartineur,30,,,,PME,  53 516 941 100 043 ,12/11/2020,"€ 2 300 000,00",,,,,"Surgelés sucrés, Petit-déjeuner",pâtes à tartiner,#REF!,#REF!,#REF!,#REF!, 
fa011024-e8dd-11e9-9d7d-fa163eb33c65,Oui,CLAVIERE VIANDES SAS,CLAVIERE,Adhérent,,118,,,,PME,  38 023 057 300 020 ,1/1/2021,"€ 47 003 502,00",,,,,"Charcuterie et saucisserie à cuire au Trad, Charcuterie LS","Saucisses, Jambons Persillés, Diots, Boudins, Produits Fumés, Knacks, Saucissons à Cuire",#REF!,#REF!,#REF!,#REF!, 
fa38c974-e8dd-11e9-91ab-fa163eb33c65,Oui,COLOR FOODS,COLOR,Adhérent,,70,,,,PME,  40 770 460 000 029 ,31/12/2023,"€ 45 600 000,00",1/1/2017,"€ 48 262 000,00",,"IFS, BIO","Fruits secs, olives fraîches","Fruits séchés, Graines Apéritives, Aides à la Pâtisserie et Aides Culinaires",#REF!,#REF!,#REF!,#REF!, 
6794b164-ff08-11e9-bfbf-fa163eb33c65,Oui,COLORADO COOKIE,COLORADO COOKIE ou COOKIE CREATION,Adhérent,,76,,,,PME,  34 061 091 400 038 ,,"€ 13 100 000,00",8/10/2019,"€ 14 000 000,00",,,Surgelés sucrés,"Cookies, Cakes, Tartes, Fondants, Muffins, Brownies ",#REF!,#REF!,#REF!,#REF!, 
fa55e2a2-e8dd-11e9-accb-fa163eb33c65,Oui,COMPAGNIE DES PATISSIERS,COMPAGNIE DES PATISSIERS,Adhérent,,55,,,,PME,  40 119 370 100 026 ,31/12/2022,"€ 32 000 000,00",,,,,"Surgelés salés, Surgelés sucrés",Pâtisseries pour Grand Public et Professionnels ,#REF!,#REF!,#REF!,#REF!, 
5b5388ae-a65e-11eb-8630-fa163eb33c65,Oui,COMPAGNIE DU BICARBONATE,COMPAGNIE DU BICARBONATE,Adhérent,,13,,,,PME,  52 008 240 500 025 ,31/12/2023,"€ 5 860 000,00",,,,BIO,"Accessoires ménagers (gants, éponges), Entretien chaussure (cirage, crème), Entretien du linge (lessive, teinture, adoucissant), Entretien maison (WC, sdb, cuisine, vitres, sols, désodo. ), Entretien vaisselle (pastilles, liquides), Parapharmacie, contraception","Bicarbonate de sodium de qualité alimentaire, acide citrique de qualité alimentaire également, cristaux de soude, percarbonate, copeaux de savons de Marseille, des huiles essentielles, du vinaigre ménager et alimentaire. Du savon noir, des savons de Marseille sans huile de palme (cube et liquide). Des accessoires (brosses et éponges). Nous proposons également une gamme pour la vente en vrac.",#REF!,#REF!,#REF!,#REF!, 
fa5cdbca-e8dd-11e9-8628-fa163eb33c65,Oui,COMPAGNIE DU MIDI (CHIMITEX),COMPAGNIE DU MIDI,Adhérent,,68,,,,PME,  3 732 059 500 020 ,1/1/2016,"€ 14 500 000,00",,,,BIO,"Entretien du linge (lessive, teinture, adoucissant), Entretien maison (WC, sdb, cuisine, vitres, sols, désodo. ), Accessoires ménagers (gants, éponges)","Savons (d'Alep, Marseille, Orientaux), Produits d'Hygiène, Cosmétiques BIO, Brosses Ménagères, Éponges, ",#REF!,#REF!,#REF!,#REF!, 
fa8f14be-e8dd-11e9-acad-fa163eb33c65,Oui,CONFISERIE DU ROY RENE,CONFISERIE DU ROY RENE,Adhérent,,60,,,,PME,  62 162 092 100 026 ,31/12/2023,"€ 15 860 309,00",,,,IFS,Confiserie et chocolat,"Calissons, Nougats, Raisins Chocolatés, Caramel, Amandes, Assortiments Confiseries, Confitures, Pâtes à Tartiner Bio, Suprême de Pistache, Crème de Calisson, Confiseries Bio",#REF!,#REF!,#REF!,#REF!, 
fac4061a-e8dd-11e9-8859-fa163eb33c65,Oui,CONFIT DE PROVENCE,CONFITURE DE PROVENCE,Adhérent,,23,,,,PME,  31 968 932 900 021 ,31/12/2022,"€ 6 240 000,00",,,,BIO,"Petit-déjeuner, Produits diététiques sucrés","Confitures, Confits, Aides Culinaires",#REF!,#REF!,#REF!,#REF!, 
facdce7a-e8dd-11e9-9d41-fa163eb33c65,Oui,CONSERVERIE CHANCERELLE,CONSERVERIE CHANCERELLE,Adhérent,,500,,,,ETI,  44 314 687 300 023 ,1/1/2023,"€ 170 000 000,00",,,,BIO,"Conserves viande, poisson, légumes","Conserves de Sardines, Thons, Maquereaux, Autres poissons (Noix de Saint Jacques, Saumons, Anchois, Foies de Morue, Haviorig)",#REF!,#REF!,#REF!,#REF!, 
09031572-e8de-11e9-8569-fa163eb33c65,Oui,CONSERVERIE DU SUD (SA BRUNET),CONSERVERIE DU SUD (SA BRUNET),Adhérent,,55,,,,PME,  30 491 543 200 021 ,31/12/2023,"€ 8 920 000,00",,,,,"Conserves viande, poisson, légumes",,#REF!,#REF!,#REF!,#REF!, 
fada94de-e8dd-11e9-b23e-fa163eb33c65,Oui,CONSERVERIE GONIDEC,CONSERVERIE GONIDEC,Adhérent,,68,,,,PME,  37 598 007 500 028 ,31/1/2021,"€ 10 000 000,00",1/1/2022,"€ 9 700 000,00",,BIO,"Conserves viande, poisson, légumes","Conserves de Sardines, de Maquereaux, d'Anchois, Tartinables (Rillettes de poissons), Soupes et Bisques, Foies de Morues",#REF!,#REF!,#REF!,#REF!, 
fadffe10-e8dd-11e9-83f5-fa163eb33c65,Oui,CONSERVES STEPHAN,CONSERVES STEPHAN,Adhérent,,80,,,,PME,  43 695 002 600 027 ,31/3/2024,"€ 32 000 000,00",,,,,"Conserves viande, poisson, légumes, Plats cuisinés","Pâtés, Plats Cuisinés (Cassoulet, Saucisse Lentille, Langue de Bœuf), Saucisses Cocktails ",#REF!,#REF!,#REF!,#REF!, 
fafbfff2-e8dd-11e9-b63f-fa163eb33c65,Oui,CORSICA GASTRONOMIA,CORSICA GASTRONOMIA,Adhérent,,44,,,,PME,  37 967 510 100 024 ,31/12/2024,"€ 8 856 000,00",,,,,"Aides culinaires, sauces, condiments, épices, Conserves viande, poisson, légumes, Desserts ambiants, Petit-déjeuner, Produits du monde, Epicerie fine, Spécialités régionales","Epicerie Fine Corse : Huiles d'Olive, Vins, Fromages, Charcuteries, Terrines, Produits Corses ",#REF!,#REF!,#REF!,#REF!, 
fb07de4e-e8dd-11e9-9874-fa163eb33c65,Oui,COTEAUX NANTAIS,COTEAUX NANTAIS,Adhérent,,119,,,,PME,  35 142 103 700 018 ,31/12/2024,"€ 6 900 000,00",,,,BIO,"Cidres et bières, Boissons à base de plantes, Jus de fruits et jus de légumes ambiants, Soupe, jus de fruits frais, compotes fraîches, Petit-déjeuner","Jus de fruits, Jus pétillants sans alcool, Cidres, Compotes, Purées, Confitures, Gelées, Fruits",#REF!,#REF!,#REF!,#REF!, 
fb1d1462-e8dd-11e9-ac6b-fa163eb33c65,Oui,CREA,CREA,Adhérent,,60,,,,PME,  35 020 513 400 025 ,31/12/2023,"€ 11 887 988,00",,,,,"Jardin et plein air, Produits feux","Produits anti-nuisibles pour le jardin ; Allume-feu, Consommable pour le barbecue et la cheminée",#REF!,#REF!,#REF!,#REF!, 
fb3079a8-e8dd-11e9-ae1f-fa163eb33c65,Oui,CREPERIE JARNOUX,CREPERIE JARNOUX,Adhérent,,200,,,,PME,  38 092 733 500 030 ,1/1/2023,"€ 23 000 000,00",,,,"IFS, BIO","Traiteur de la mer LS, Viande Bovine, Charcuterie LS, Charcuterie et saucisserie à cuire au Trad, Produits diététiques sucrés, Fromages LS, Fromages fondus et frais, Pates persillées, Pates molles",Galettes et Crêpes Fraîches à Garnir et Garnies,#REF!,#REF!,#REF!,#REF!, 
fb42119a-e8dd-11e9-a799-fa163eb33c65,Oui,CROC'FRAIS,CROC'FRAIS,Adhérent,,40,,,,PME,  41 954 485 300 049 ,1/1/2017,"€ 33 000 000,00",,,,,"Fruits secs, olives fraîches",Olives et Tartinables,#REF!,#REF!,#REF!,#REF!, 
ab5d6eb2-6606-11ef-a91c-005056966fe6,Oui,CRYSTAL,ILSA DELICE,Adhérent,ISLA DELICE - PRIX COOL,210,,,1,ETI,  48 511 501 800 015 ,31/12/2023,"€ 51 700 000,00",,,,,Charcuterie LS,Charcuterie Halal à base de viandes de volaille et de boeuf.,#REF!,#REF!,#REF!,#REF!, 
2e927a9a-c2d9-11eb-9bf9-fa163eb33c65,Oui,CSD,CSD,Adhérent,,,,,,PME,,31/12/2022,"€ 10 200 000,00",31/12/2021,"€ 9 500 000,00",,,"Produits feux, Entretien maison (WC, sdb, cuisine, vitres, sols, désodo. ), Bricolage, électricité, Jardin et plein air",,#REF!,#REF!,#REF!,#REF!, 
fb4ac38a-e8dd-11e9-bd12-fa163eb33c65,Oui,CSP PARIS FASHION GROUP,CSP PARIS FASHION GROUP,Adhérent,,467,,,,ETI,  41 031 726 700 038 ,1/1/2022,"€ 59 596 100,00",,,,,"Collant, mi-bas, chaussettes, Sous-vêtement","Coulants, Bas, Chaussettes, Bodywears",#REF!,#REF!,#REF!,#REF!, 
eb0303b4-bb0a-11ec-84d8-fa163eb33c65,Oui,Culture Pom,Culture Pom,Adhérent,,30,,,,ETI,  49 949 540 600 021 ,31/12/2024,"€ 109 460 555,00",,,,,"Conserves viande, poisson, légumes, 4éme et 5éme gamme, Fruits secs, olives fraîches, Soupe, jus de fruits frais, compotes fraîches, Fruits et légumes bruts",PDT BIO ET CONVENTIONNELLES,#REF!,#REF!,#REF!,#REF!, 
fb6ba3a2-e8dd-11e9-8145-fa163eb33c65,Oui,DACO FRANCE,DACO FRANCE,Adhérent,,106,,,,ETI,  30 048 291 600 032 ,31/3/2022,"€ 73 468 768,00",,,,"IFS, BIO","Fruits et légumes bruts, 4éme et 5éme gamme, Fruits secs, olives fraîches, Soupe, jus de fruits frais, compotes fraîches",Fruits Secs,#REF!,#REF!,#REF!,#REF!, 
fb8e4498-e8dd-11e9-95e5-fa163eb33c65,Oui,DANIEL CADIOU SARL,DANIEL CADIOU,Adhérent,,35,,,,PME,  38 853 243 400 015 ,31/12/2023,"€ 11 269 670,00",1/1/2020,"€ 14 000 000,00",,,Fruits et légumes bruts,"Échalotes, Oignons, Ails, Légumes ",#REF!,#REF!,#REF!,#REF!, 
fba75ef6-e8dd-11e9-ab5b-fa163eb33c65,Oui,DE CLERMONT SAS,DE CLERMONT SAS,Adhérent,,35,,,,PME,  42 143 784 900 019 ,31/12/2024,"€ 9 600 000,00",,,,,"Chaussure, chausson","Semelles, Accessoires de Chaussures, Cirages, Produits pour entretenir ses chaussures, Lacets",#REF!,#REF!,#REF!,#REF!, 
fbd52552-e8dd-11e9-b59e-fa163eb33c65,Oui,DELOUIS FILS - MOUTARDES ET CONDIMENTS,DELOUIS FILS - MOUTARDES ET CONDIMENTS,Adhérent,,53,,,,PME,  30 887 574 900 035 ,1/1/2016,"€ 14 000 000,00",,,,BIO,"Aides culinaires, sauces, condiments, épices",,#REF!,#REF!,#REF!,#REF!, 
fc1846ca-e8dd-11e9-90cc-fa163eb33c65,Oui,DEVINEAU,DEVINEAU,Adhérent,,120,,,,PME,  85 780 399 300 040 ,31/12/2023,"€ 30 800 000,00",,,,,Déco maison,"Bougies Parfumés, Bougies de Décoration, Diffuseurs, Huiles Essentielles, Bougeoirs, Supports pour Bougies",#REF!,#REF!,#REF!,#REF!, 
7cd24cac-7710-11ed-8b47-fa163e4cbe98,Oui,DISSAUX SAS,DISSAUX SAS,Adhérent,,9,,,,PME,  78 417 326 200 030 ,30/11/2021,"€ 5 147 180,00",,,,,Fruits et légumes bruts,Pomme de terre conditionné pour le marché du frais,#REF!,#REF!,#REF!,#REF!, 
fc4cc760-e8dd-11e9-8ce3-fa163eb33c65,Oui,DISTRINAT,DISTRINAT,Adhérent,,67,,,,ETI,  39 331 404 200 051 ,1/1/2019,"€ 57 000 000,00",,,,,"Parapharmacie, contraception, Soin du corps (gel douche, crème, déo, dépilatoire, solaire, Savon), Soin du visage (crème, démaquillant, coton)",,#REF!,#REF!,#REF!,#REF!, 
fc993eb0-e8dd-11e9-b27c-fa163eb33c65,Oui,DRAGEES REYNAUD,DRAGEES REYNAUD,Adhérent,,25,,,,PME,  31 533 534 900 017 ,31/12/2023,"€ 4 000 000,00",,,,BIO,Confiserie et chocolat,"Dragées, Chocolats, Perles, Confiseries",#REF!,#REF!,#REF!,#REF!, 
fcab12a2-e8dd-11e9-b330-fa163eb33c65,Oui,DUCS DE GASCOGNE,DUCS DE GASCOGNE,Cessation d'activité,Les Gastronomes Bio-Jean de Vayrac-Canardie,77,,,,PME,  39 562 010 700 015 ,1/1/2023,"€ 17 400 000,00",,,,"IFS, BIO, Sans gluten","Traiteur LS, Produits du monde, Epicerie fine, Traiteur de la mer LS","Foie Gras, Tapas, Terrine, Rillettes, Confits, Cassoulets, Plats Salés, Vins, Spiritueux, Chocolats, Gâteaux, Confiseries, Confitures, Miel, Coffret Gastronomique, Tartinable BIO etc...",#REF!,#REF!,#REF!,#REF!, 
00086a22-20ba-11ee-a102-fa163e4cbe98,Oui,EAUX MINERALES NATURELLES DE QUEZAC,EAUX MINERALES NATURELLES DE QUEZAC,Adhérent,,30,,,,PME,  47 946 348 100 033 ,1/1/2022,"€ 25 696 916,00",,,,,"Eaux plates, gazeuses et aromatisées",EAUX,#REF!,#REF!,#REF!,#REF!, 
4fd63eae-fa12-11ed-a63b-fa163e4cbe98,Oui,ECOIDEES,ECOIDEES,Adhérent,,23,,,,PME,  48 072 573 800 037 ,1/1/2023,"€ 6 000 000,00",,,BIO,BIO,"Aides culinaires, sauces, condiments, épices","Commercialisation d’épices et farines, compléments alimentaires, épices, sucres bio et equitables. Mise en place de filières avec les producteurs",#REF!,#REF!,#REF!,#REF!, 
fd099a34-e8dd-11e9-a684-fa163eb33c65,Oui,EKIBIO,EKIBIO,Adhérent,,164,,,,ETI,  34 505 228 600 027 ,1/1/2017,"€ 97 933 000,00",,,,BIO,"4éme et 5éme gamme, Biscuits, Capillaire (shampoing, soin, coloration, accessoires), Entretien du linge (lessive, teinture, adoucissant), Entretien maison (WC, sdb, cuisine, vitres, sols, désodo. ), Entretien vaisselle (pastilles, liquides), Féculents, légumineuses, PPI, produits à garnir, pain d'épice, madeleine, Soin du corps (gel douche, crème, déo, dépilatoire, solaire, Savon)","Graines, Quinoa, Soupes, Sauces, Gâteaux (Gaufres, Biscuits...), Plats Cuisinés, Produits d'entretien Écologiques",#REF!,#REF!,#REF!,#REF!, 
fd22397c-e8dd-11e9-af00-fa163eb33c65,Oui,EMINENCE,EMINENCE,Adhérent,,757,,,,ETI,  35 016 912 400 020 ,31/12/2023,"€ 81 127 502,00",,,,,"Collant, mi-bas, chaussettes, Sous-vêtement","Sous-Vêtements, Tee-shirts, Prêt à Porter, Pyjamas, Chaussettes",#REF!,#REF!,#REF!,#REF!, 
fd2a2d1c-e8dd-11e9-8f1a-fa163eb33c65,Oui,EPIDIS,EPIDIS,Adhérent,"GO.tan, Mitsuba, kikkoman, Orien bites, Dilmah, Nissin, S&B",75,,,,PME,  39 926 197 300 016 ,1/1/2018,"€ 25 000 000,00",,,,"BIO, Sans gluten","Petit-déjeuner, Produits du monde, Epicerie fine","Thés, Infusions, Sauces, Condiments, Lait de Coco, Wraps, Tortillas, Chips, Produits Apéritifs Salés, Pâtes Miso, Soupes Miso, Tofu, Soupes de Nouilles, Ramen, Nouilles Sautées, Nouilles Chinoises, Antipastis, Riz, Poissons Fumés, Purs Jus, Macarons, Sucettes Salées, Wraps",#REF!,#REF!,#REF!,#REF!, 
fd532898-e8dd-11e9-8a15-fa163eb33c65,Oui,ESPRIT DU SEL,ESPRIT DU SEL,Adhérent,,15,,,,PME,  39 420 218 800 063 ,,"€ 2 800 000,00",,,BIO,,"Aides culinaires, sauces, condiments, épices, Confiserie et chocolat","Sels, Caramels, Epices, Mayonnaises, Moutardes, Salicornes, Fleurs de Sel",#REF!,#REF!,#REF!,#REF!, 
7234c646-786d-11ec-bf1e-fa163eb33c65,Oui,ETABLISSEMENTS JL BASSINET,Maison Bassinet,Adhérent,,10,,,,PME,  33 999 052 500 026 ,31/12/2023,"€ 5 802 686,00",,,,,"Fruits secs, olives fraîches",Fruits secs,#REF!,#REF!,#REF!,#REF!, 
fd8bdcc4-e8dd-11e9-aab2-fa163eb33c65,Oui,ETHIQUABLE,ETHIQUABLE,Adhérent,"Etiquable, Paysan d'ici,",75,,,,ETI,  44 916 448 200 027 ,1/1/2020,"€ 60 000 000,00",,,,BIO,"Aides culinaires, sauces, condiments, épices, Biscuits, Confiserie et chocolat, Féculents, légumineuses, Jus de fruits et jus de légumes ambiants, Petit-déjeuner, Produits apéritifs, chips","Chocolat, Thé, Café, Jus de Fruits, Conserves de fruits, Epices, Céréales, Tartinables... Tous Bio et issus du commerce équitable",#REF!,#REF!,#REF!,#REF!, 
9adbe122-31f9-11ea-8fd0-fa163eb33c65,Oui,ETS PIERRE BOURRE,ETS PIERRE BOURRE,Adhérent,,,,,,PME, 06820068200018,31/12/2023,"€ 16 190 404,00",31/12/2019,"€ 12 800 000,00",,,"Spiritueux, Vins tranquilles, Vins effervescents et champagnes, Cidres et bières, Eaux plates, gazeuses et aromatisées, Jus de fruits et jus de légumes ambiants, Sodas, limonades, Sirops, Boissons à base de plantes",Vins,#REF!,#REF!,#REF!,#REF!, 
ec6e37f4-a89c-11eb-83fc-fa163eb33c65,Oui,Euro 5,Euro 5,Adhérent,,79,,,,PME,  52 875 804 800 000 ,,"€ 28 780 000,00",,,,IFS,"Fruits et légumes bruts, 4éme et 5éme gamme, Fruits secs, olives fraîches, Soupe, jus de fruits frais, compotes fraîches",Légumes 5ème gamme,#REF!,#REF!,#REF!,#REF!, 
b0f91ff6-e8de-11e9-a62b-fa163eb33c65,Oui,EXTRUPLAST,EXTRUPLAST SAS,Adhérent,,59,,,,ETI,  41 513 341 200 015 ,31/12/2023,"€ 102 797 577,00",,,,,"Automobile, vélo",Fabrication conditionnement vente et stockage d'emballages,#REF!,#REF!,#REF!,#REF!, 
fe08fb78-e8dd-11e9-9027-fa163eb33c65,Oui,FAMILLE AMIRAULT-GROSBOIS,FAMILLE AMIRAULT-GROSBOIS,Adhérent,,5,,,,TPE,  51 049 325 700 016 ,30/12/2023,"€ 1 037 000,00",,,,BIO,Vins effervescents et champagnes,Vente de Vins,#REF!,#REF!,#REF!,#REF!, 
fe10f95e-e8dd-11e9-b609-fa163eb33c65,Oui,FAMILLE MICHAUD APICULTEURS,FAMILLE MICHAUD APICULTEURS,Adhérent,,232,,,,ETI,  77 563 811 700 033 ,1/1/2020,"€ 160 000 000,00",,,,,Petit-déjeuner,Miels,#REF!,#REF!,#REF!,#REF!, 
fe1cba64-e8dd-11e9-8cc3-fa163eb33c65,Oui,FAVOLS,FAVOLS - NATURGIE,Adhérent,,40,,,,PME,  38 348 790 700 024 ,31/3/2024,"€ 15 730 490,00",,,,BIO,"Confiserie et chocolat, Festif au Trad, Petit-déjeuner","Confitures, Compotes, Pruneaux, Chutneys, Confits, Tartinables, Gamme Bio",#REF!,#REF!,#REF!,#REF!, 
fe295c6a-e8dd-11e9-a27b-fa163eb33c65,Oui,FDG GROUP,FDG GROUP,Adhérent,,760,,,,ETI,  49 343 990 500 032 ,31/12/2023,"€ 116 972 325,00",,,,IFS,"Art de la table, cuisson, ustensiles, vaisselle jetable, Bricolage, électricité, Déco maison, Dentaire, Electroménager, Maquillage et vernis, accessoires, Mercerie, Parapharmacie, contraception","Produits Mercerie, Coiffure, Hygiène, Accessoires de cuisine, Présentoirs, bricole, jouet",#REF!,#REF!,#REF!,#REF!, 
fe31d6f6-e8dd-11e9-9c6f-fa163eb33c65,Oui,FERME DE LA MOTTE,SARL FERME DE LA MOTTE,Adhérent,,200,,,,ETI,  42 433 296 300 018 ,31/12/2022,"€ 71 332 016,00",1/1/2022,"€ 52 883 000,00",,BIO,"Compléments alimentaires, 4éme et 5éme gamme",,#REF!,#REF!,#REF!,#REF!, 
fe37db5a-e8dd-11e9-a87e-fa163eb33c65,Oui,FESTIFRUITS / APIHA,APIHA SAS FESTIFRUITS,Adhérent,"Saveurs de Festifruits, Saveurs et épices",54,,,,PME,  80 858 813 100 082 ,1/12/2023,"€ 7 900 000,00",,,,IFS,"Fruits secs, olives fraîches, Fleurs et plantes",conditionnement et commercialisation des gammes fruits secs et herbes aromatiques et épices sous marques propres et MDD,#REF!,#REF!,#REF!,#REF!, 
fe4f8034-e8dd-11e9-8602-fa163eb33c65,Oui,FIDELE,FIDELE,Adhérent,"Petite Ballade, Fidele",70,,,,PME,  44 461 361 600 028 ,31/3/2024,"€ 45 000 000,00",,,,"IFS, BRC",Aliments pour animaux,Fabrication d'alimentation pour chiens et chats,#REF!,#REF!,#REF!,#REF!, 
25f08b5a-f67c-11ee-bc0e-005056966fe6,Oui,FIERS,FIERS LMDGE,Adhérent,,2,,,,TPE,  91 357 170 900 025 ,1/1/2024,"€ 500 000,00",,,,,"Biscuits, Confiserie et chocolat, Petit-déjeuner",,#REF!,#REF!,#REF!,#REF!, 
fe60b7aa-e8dd-11e9-8288-fa163eb33c65,Oui,FLASH FRUITS,FLASH FRUITS,Adhérent,,30,,,,PME,  35 181 524 600 019 ,1/1/2018,"€ 5 989 000,00",,,,,"4éme et 5éme gamme, Soupe, jus de fruits frais, compotes fraîches",,#REF!,#REF!,#REF!,#REF!, 
f5225130-e8dd-11e9-8c8c-fa163eb33c65,Oui,FOODIZ  SOLUTIONS (ex 2B'FRESH !),FOODIZ (ex 2B'FRESH !),Adhérent,Natsu,240,,,,PME,  53 445 511 800 040 ,30/12/2023,"€ 13 000 000,00",1/1/2017,"€ 22 000 000,00",,"IFS, BIO","Traiteur LS, Salades au Trad, 4éme et 5éme gamme, Entrées au Trad (feuilletés, quiches), Fruits et légumes bruts, Soupe, jus de fruits frais, compotes fraîches","Sushi, Salades, Sandwichs, Plats cuisinés, Fresh découpe",#REF!,#REF!,#REF!,#REF!, 
b569d954-a71a-11ef-bc94-005056966fe6,Oui,FOODIZ CUISINE,FOODIZ CUISINE,Adhérent,,102,,,1,PME,  42 132 139 900 030 ,31/12/2023,"€ 17 000 000,00",,,,,Plats cuisinés,,#REF!,#REF!,#REF!,#REF!, 
65c4cd32-a71a-11ef-a3eb-005056966fe6,Oui,FOODIZ DELI,FOODIZ DELI,Adhérent,,156,,,1,TPE,  83 336 965 500 190 ,31/12/2023,"€ 1 100 000,00",,,,,Plats cuisinés,,#REF!,#REF!,#REF!,#REF!, 
04708a3a-e8de-11e9-b994-fa163eb33c65,Oui,FOODIZ FRESH ( ex MARCO POLO FOODS S.A.S),FOODIZ FRESH,Adhérent,,300,,,1,PME,  42 152 860 500 072 ,31/12/2023,"€ 30 000 000,00",,,,,"Traiteur de la mer LS, Traiteur LS",,#REF!,#REF!,#REF!,#REF!, 
fe93eb48-e8dd-11e9-83c4-fa163eb33c65,Oui,FRAIDIS,FRAIDIS,Adhérent,,13,,,,PME,  40 315 475 000 018 ,1/1/2015,"€ 2 892 000,00",,,,"BIO, Sans gluten","Charcuterie LS, Entrées au Trad (feuilletés, quiches), Festif au Trad, Produits du monde, Epicerie fine, Salades au Trad, Traiteur de la mer LS, Traiteur LS","Distribution de produits alimentaires,  Salades fines traiteur et antipasti, macarons salés et sucrés, saumons fumés d'Écosse, thés éthiques Dilmah, sauce soja Kikkoman...",#REF!,#REF!,#REF!,#REF!, 
feae86e2-e8dd-11e9-a00c-fa163eb33c65,Oui,FRANCE CAKE TRADITION,FRANCE CAKE TRADITION,Adhérent,,39,,,,PME,  38 274 643 600 023 ,9/10/2019,"€ 6 200 000,00",,,,"IFS, BIO","PPI, produits à garnir, pain d'épice, madeleine","fabrication de cakes sucrés, salés, pains d'épices, pâtisseries Bio et traditionnelles",#REF!,#REF!,#REF!,#REF!, 
feec64b2-e8dd-11e9-bb62-fa163eb33c65,Oui,FRESH FOOD VILLAGE,FRESH FOOD VILLAGE,Adhérent,,40,,,,ETI,  38 791 777 600 073 ,1/1/2023,"€ 64 000 000,00",,,,BIO,"Eaux plates, gazeuses et aromatisées, Boissons à base de plantes, Jus de fruits et jus de légumes ambiants, Sodas, limonades, Petit-déjeuner, Biscuits, PPI, produits à garnir, pain d'épice, madeleine, Produits apéritifs, chips",,#REF!,#REF!,#REF!,#REF!, 
cdd45d8c-ba34-11ec-b04e-fa163eb33c65,Oui,Fromagerie de Vaudes,Fromagerie de Vaudes,Adhérent,,,,,,PME,  95 000 399 600 044 ,12/11/2021,"€ 2 567 169,00",,,,,"Fromages LS, Pates pressées, Pates molles, Pates persillées, Fromage de Chèvres et spécialités, Spécialités régionales, Fromages fondus et frais",fromages,#REF!,#REF!,#REF!,#REF!, 
e38bf0ee-ba30-11ec-8f02-fa163eb33c65,Oui,Fromagerie Gaugry,Fromagerie Gaugry,Adhérent,,29,,,,PME,  95 000 399 600 044 ,29/9/2021,"€ 2 567 169,00",,,,,"Fromages LS, Pates pressées, Pates molles, Pates persillées, Fromage de Chèvres et spécialités, Spécialités régionales, Fromages fondus et frais",fromages,#REF!,#REF!,#REF!,#REF!, 
ff0211e0-e8dd-11e9-aad0-fa163eb33c65,Oui,FROMAGERIE LINCET,FROMAGERIE LINCET,Adhérent,,180,,,,PME,  95 750 287 000 021 ,31/12/2022,"€ 40 255 915,00",,,,"IFS, BRC","Fromages LS, Fromages fondus et frais, Pates molles, Pates persillées, Crèmerie (lait, beurre, crème, œufs)",Fromages à pâte molle à croûte fleurie et à croûte lavée,#REF!,#REF!,#REF!,#REF!, 
ff05a3b4-e8dd-11e9-b6c4-fa163eb33c65,Oui,FROMAGERIE MILLERET,MILLERET CENTRALE LAITIERE N.D. LEFFOND,Adhérent,"Fromagerie Milleret, Ortolan, Roucoulons,  Le Francomtois",178,,,,ETI,  42 625 002 300 014 ,31/12/2022,"€ 78 200 000,00",,,,"IFS, ISO, BIO","Fromages LS, Fromages fondus et frais, Pates molles, Pates persillées, Crèmerie (lait, beurre, crème, œufs)","fromage à pâtes moles, pressées cuites, pâte fondue",#REF!,#REF!,#REF!,#REF!, 
ff18069e-e8dd-11e9-8c01-fa163eb33c65,Oui,FRUITS ET SAVEURS,FRUITS ET SAVEURS,Adhérent,,7,,,,PME,  75 129 661 700 028 ,1/1/2017,"€ 3 362 000,00",,,,"IFS, BIO, Sans gluten","Desserts ambiants, Petit-déjeuner","Jus de fruits au rayon Ambiant ( purs jus et nectars sans sucres ajoutés, bio et non bio)",#REF!,#REF!,#REF!,#REF!, 
0362d81e-e8de-11e9-a332-fa163eb33c65,Oui,FRUITS ROUGES & CO (LES FRUITS ROUGES DE L'AISNE),LES FRUITS ROUGES,Adhérent,,244,,,,ETI,  37 897 020 600 025 ,31/12/2023,"€ 160 000 000,00",,,,,"Surgelés sucrés, Fruits et légumes bruts",,#REF!,#REF!,#REF!,#REF!, 
ff2ce42e-e8dd-11e9-ab19-fa163eb33c65,Oui,FUNKY VEGGIE,FUNKIE (ex. FUNKY VEGGIE),Adhérent,,2,,,,PME,  82 140 786 300 025 ,31/12/2023,"€ 2 500 000,00",,,,,"Produits apéritifs, chips, Biscuits, Petit-déjeuner, Produits diététiques sucrés",,#REF!,#REF!,#REF!,#REF!, 
5ee5b800-f22c-11ec-8814-fa163e4cbe98,Oui,GABRIEL COULET,GABRIEL COULET,Adhérent,,120,,,,PME,  92 618 003 500 012 ,12/12/2023,"€ 28 245 000,00",,,,,"Fromages LS, Pates pressées, Pates molles, Pates persillées, Fromage de Chèvres et spécialités, Spécialités régionales, Fromages fondus et frais","Roquefort AOP
Tommes de brebis
Fromages de brebis pour salade type feta",#REF!,#REF!,#REF!,#REF!, 
ff6bbf8c-e8dd-11e9-b720-fa163eb33c65,Oui,GENDREAU SAS,Maison Gendreau,Adhérent,,300,,,,ETI,  34 201 072 500 022 ,1/1/2021,"€ 100 000 000,00",,,,BIO,"Traiteur LS, Produits du monde, Epicerie fine, Plats cuisinés, Viande Bovine, Crèmerie (lait, beurre, crème, œufs), Ultra frais (yaourt, dessert frais), Vins tranquilles, Vins effervescents et champagnes, Spiritueux, Féculents, légumineuses",,#REF!,#REF!,#REF!,#REF!, 
ff97c3d4-e8dd-11e9-8110-fa163eb33c65,Oui,GIFFARD,GIFFARD,Adhérent,,75,,,,ETI,  5 420 021 700 013 ,31/12/2023,"€ 50 900 000,00",,,,,Spiritueux,,#REF!,#REF!,#REF!,#REF!, 
ffa016d8-e8dd-11e9-a29b-fa163eb33c65,Oui,GILLOT SAS,GILLOT SAS,Adhérent,Gillot,180,,,,ETI,  34 582 029 400 014 ,31/12/2024,"€ 63 400 000,00",1/1/2018,"€ 38 297 700,00",,"IFS, BIO","Fromages LS, Fromages fondus et frais, Pates molles, Pates persillées",producteur de camembert AOP et produit au lait cru,#REF!,#REF!,#REF!,#REF!, 
ffb2d098-e8dd-11e9-81b7-fa163eb33c65,Oui,GLACES DE LYON,GLACES DE LYON,Adhérent,"GLACES DE LYON et La Manufacture Des Belles Glaces (MDBG), G",22,,,,PME,  50 902 294 300 013 ,1/1/2018,"€ 8 500 000,00",,,,,Surgelés sucrés,"Glaces, sorbets à partager et individuels",#REF!,#REF!,#REF!,#REF!, 
17feca80-e566-11ec-9ce6-fa163e4cbe98,Oui,GRAIN DE SAIL,GRAIN DE SAIL,Adhérent,,53,,,,PME,  53 886 674 000 011 ,31/12/2023,"€ 9 600 000,00",,,,BIO,Confiserie et chocolat,"Tablettes de chocolats (Dégustation) 17 recettes
Cafés (Pur Arabica Moulus et grains) 5 origines",#REF!,#REF!,#REF!,#REF!, 
31b85ae6-f972-11e9-b1fb-fa163eb33c65,Oui,GROUPE BARBA,BARBA,Adhérent,,68,,,,ETI,  31 149 225 000 064 ,1/12/2023,"€ 65 000 000,00",28/10/2018,"€ 52 000 000,00",,,"Poissons frais et fumés, Surgelés salés","Achat, vente en gros et demi-gros de produits de la mer.",#REF!,#REF!,#REF!,#REF!, 
fff709de-e8dd-11e9-89a3-fa163eb33c65,Oui,GROUPE FRANCAISE DE GASTRONOMIE,GROUPE FRANCAISE DE GASTRONOMIE,Adhérent,,194,,,,ETI,  55 850 337 100 160 ,31/12/2023,"€ 72 663 503,00",,,,,"Traiteur de la mer LS, Poissons frais et fumés, Traiteur LS, Surgelés salés",,#REF!,#REF!,#REF!,#REF!, 
1350203e-f7dd-11e9-b90e-fa163eb33c65,Oui,GROUPE LE GRAET,GROUPE LE GRAET,Adhérent,,,,,,TPE,,,,,,,,"Conserves viande, poisson, légumes",,#REF!,#REF!,#REF!,#REF!, 
e197f85a-69ad-11ed-b81f-fa163e4cbe98,Oui,GROUPE SECO,GROUPE SECO,Adhérent,,,,,,PME,,30/11/2021,"€ 50 000 000,00",,,,,Fruits et légumes bruts,,#REF!,#REF!,#REF!,#REF!, 
72bb33e6-f7de-11e9-bf0a-fa163eb33c65,Oui,GROUPE SILL,GROUPE SILL,Adhérent,,,,,,ETI,,1/1/2024,"€ 650 000 000,00",1/1/2023,"€ 640 000 000,00",,,"Crèmerie (lait, beurre, crème, œufs), Soupe, jus de fruits frais, compotes fraîches, Ultra frais (yaourt, dessert frais)",,#REF!,#REF!,#REF!,#REF!, 
0085b45e-e8de-11e9-9558-fa163eb33c65,Oui,HEIMBURGER,HEIMBURGER,Adhérent,,90,,,,PME,  41 047 202 100 014 ,31/12/2022,"€ 20 500 000,00",,,,BIO,"Féculents, légumineuses",,#REF!,#REF!,#REF!,#REF!, 
0088e9bc-e8de-11e9-910f-fa163eb33c65,Oui,HENRI RAFFIN,HENRI RAFFIN,Adhérent,,250,,,,ETI,  74 562 103 700 050 ,7/1/2023,"€ 76 341 360,00",,,,,"Charcuterie LS, Traiteur LS",,#REF!,#REF!,#REF!,#REF!, 
23c9d462-71ea-11ec-a994-fa163eb33c65,Oui,HERITAGE,HERITAGE,Adhérent,BARANNE / OCEDAR / DECAPFOUR / MIROR / VIGOR / TERRA / MINIDOU,4,,,,PME, 00000907951925,31/12/2023,"€ 20 900 000,00",,,,,"Entretien maison (WC, sdb, cuisine, vitres, sols, désodo. ), Entretien du linge (lessive, teinture, adoucissant), Entretien vaisselle (pastilles, liquides), Papier essuie-tout, Entretien chaussure (cirage, crème)","Entretien (maison, linge, vaisselles, chaussures)",#REF!,#REF!,#REF!,#REF!, 
646544e0-8305-11eb-a7ad-fa163eb33c65,Oui,HIRUAK,HIRUAK,Adhérent,Baionade,28,,,,PME,  30 055 861 600 011 ,30/12/2020,"€ 13 056 000,00",,,,"IFS, BRC, BIO",Charcuterie et saucisserie à cuire au Trad,"Produits élaborés de boucherie (saucisserie, lomo, brochette...)
Charcuterie",#REF!,#REF!,#REF!,#REF!, 
0099a0fe-e8de-11e9-bda0-fa163eb33c65,Oui,HOLLEA,HOLLEA,Adhérent,,3,,,,TPE,  80 524 372 200 016 ,31/12/2024,"€ 375 000,00",,,,BIO,"Parapharmacie, contraception, Déco maison","Aromathérapie (huiles essentielles BIO et conventionnelles, diffuseurs électriques, huiles végétales BIO, synergie d'huiles essentielles BIO...) Cosmétique (savon pur végétal, savons spéciaux....)",#REF!,#REF!,#REF!,#REF!, 
00a77ea4-e8de-11e9-8aab-fa163eb33c65,Oui,HUILERIE DE LAPALISSE,HUILERIE DE LAPALISSE,Adhérent,saveurs de lapalisse,42,,,,PME,  31 453 979 200 015 ,31/12/2023,"€ 31 200 000,00",,,,"IFS, BIO","Aides culinaires, sauces, condiments, épices",Huiles végétales de fruits et graines,#REF!,#REF!,#REF!,#REF!, 
00a2ee02-e8de-11e9-b856-fa163eb33c65,Oui,HUILERIES CAUVIN,HUILERIES CAUVIN,Adhérent,,35,,,,PME,  33 258 749 200 023 ,31/12/2023,"€ 43 899 865,00",1/1/2017,"€ 22 000 000,00",,"IFS, ISO, BIO, Sans gluten","Aides culinaires, sauces, condiments, épices",Huiles alimentaires.  HUILES VEGETALES ALIMENTAIRES BIOLOGIQUES  ET CONVENTIONNELLES OLIVE/NOIX/NOISETTE/AMANDE/PISTACHE/MACADAMIA/COLZA/TOURNESOL/PIZZA/FONDUE/ ASSEMBLAGE NUTRITIONNEL/COCO VIERGE/ PEPINS DE COURGE/PEPINS DE RAISIN/ARGAN,#REF!,#REF!,#REF!,#REF!, 
00b24f5a-e8de-11e9-ae82-fa163eb33c65,Oui,HYGIENE ET NATURE,HYGIENE ET NATURE,Adhérent,,45,,,,PME, 01715010300046,,"€ 11 000 000,00",,,,,"Soin du corps (gel douche, crème, déo, dépilatoire, solaire, Savon)",La fabrication et commercialisation de savons de Marseille traditionnels,#REF!,#REF!,#REF!,#REF!, 
bde2453c-cf54-11ef-8ae5-005056966fe6,Oui,INITIATIVES DECORATION SAS,INITIATIVES DECORATION,Adhérent,ID - ECO,56,,,1,PME,  30 515 177 100 048 ,31/12/2023,"€ 7 600 000,00",,,ISO,,"Bricolage, électricité","Fabricant et distributeur français de peintures décoratives murales  à effet ou lisses, meuble, de produits d'ébénisterie => engagée RSE -> produits à base de composants bio sourcés et/ou recyclés
Peintures lisses, décoratives murales d'intérieures ""biocyclées"" (lisses, effets beton, pailleté)
Enduit d'intérieur
Peintures meubles
Outils du peintre (taloche, spalter, gel pailleté...)
Teintes bois - Vernis Bois
Produit extérieur d'étanchéité 
Outils d'ébénisterie: Laine/paille d'acier / mèche coton",#REF!,#REF!,#REF!,#REF!, 
01167a2a-e8de-11e9-b6ca-fa163eb33c65,Oui,JC DAVID,TS J.C. DAVID,Adhérent,,48,,,,PME,  43 910 041 300 020 ,31/12/2022,"€ 12 487 597,00",1/1/2020,"€ 12 000 000,00",,,"Traiteur LS, Traiteur de la mer LS",,#REF!,#REF!,#REF!,#REF!, 
01273a0e-e8de-11e9-b278-fa163eb33c65,Oui,JEAN LARNAUDIE,JEAN LARNAUDIE,Adhérent,,80,,,,ETI,  41 025 258 900 024 ,31/12/2023,"€ 75 883 000,00",,,,"ISO, BIO","Traiteur LS, Produits du monde, Epicerie fine, Traiteur de la mer LS",Foie gras et plats cuisinés traditionnels,#REF!,#REF!,#REF!,#REF!, 
01379f7a-e8de-11e9-8c66-fa163eb33c65,Oui,JEAN MARTIN,JEAN MARTIN,Adhérent,Jean Martin,39,,,,PME,  31 527 063 700 012 ,31/12/2022,"€ 11 578 000,00",1/1/2018,"€ 11 000 000,00",,,"Biscuits, Conserves viande, poisson, légumes, Plats cuisinés","Conserves de légumes, tartinable, plats cuisinés apertisés, taboulé à préparer",#REF!,#REF!,#REF!,#REF!, 
015c0360-e8de-11e9-a0e1-fa163eb33c65,Oui,JUS DE FRUITS D'ALSACE,JUS DE FRUITS D'ALSACE,Adhérent,,240,,,,ETI,  50 133 013 800 014 ,1/1/2017,"€ 210 000 000,00",,,,,Jus de fruits et jus de légumes ambiants,,#REF!,#REF!,#REF!,#REF!, 
820beaa0-7cef-11ec-a6d6-fa163eb33c65,Oui,KROKOLA,KROKOLA,Adhérent,Krokola Merveilles du Monde,4,,,,PME,  88 498 325 500 016 ,31/12/2023,"€ 3 500 000,00",,,,,Confiserie et chocolat,"Tablettes de chocolat
Confiserie de chocolat
Tablettes de chocolat Bio",#REF!,#REF!,#REF!,#REF!, 
021cf566-e8de-11e9-ba6b-fa163eb33c65,Oui,L'ABEILLE,L'ABEILLE,Adhérent,,130,,,,ETI,  6 220 022 500 019 ,1/1/2016,"€ 53 915 000,00",,,,,"Sodas, limonades",,#REF!,#REF!,#REF!,#REF!, 
026c4918-e8de-11e9-9781-fa163eb33c65,Oui,L'ANGELYS,L'ANGELYS,Adhérent,,35,,,,PME,  40 470 198 900 034 ,1/1/2020,"€ 8 295 900,00",,,,,Surgelés sucrés,Fabrication de glaces et sorbets,#REF!,#REF!,#REF!,#REF!, 
01b049d4-e8de-11e9-9d17-fa163eb33c65,Oui,LA BROSSE ET DUPONT (LBD),LA BROSSE ET DUPONT (LBD),Adhérent,,200,,,,ETI,  57 213 300 700 144 ,31/12/2021,"€ 156 000 000,00",,,,,"Accessoires ménagers (gants, éponges), Entretien maison (WC, sdb, cuisine, vitres, sols, désodo. ), Capillaire (shampoing, soin, coloration, accessoires), Dentaire, Homme (rasage, soin, hygiène), Maquillage et vernis, accessoires, Parapharmacie, contraception, Parfum, eau de toilette, Soin du visage (crème, démaquillant, coton), Déco maison, Ménage, rangement, brosserie, Accessoires mode, Mercerie",,#REF!,#REF!,#REF!,#REF!, 
17eb93c2-599c-11eb-9100-fa163eb33c65,Oui,LA BROSSERIE FRANCAISE,LA BROSSERIE FRANCAISE,Adhérent,LES VERTUEUX,33,,,,PME,  78 972 600 700 014 ,31/12/2020,"€ 6 000 000,00",,,,BIO,"Capillaire (shampoing, soin, coloration, accessoires), Maquillage et vernis, accessoires, Parfum, eau de toilette, Soin du corps (gel douche, crème, déo, dépilatoire, solaire, Savon), Soin du visage (crème, démaquillant, coton), Homme (rasage, soin, hygiène), Dentaire, Parapharmacie, contraception, Hygiène intime (tampons, incontinence, couche adulte), Papiers corps (mouchoirs, papier toilette)",BROSSES A DENTS/BROSSES A CHEVEUX/ DENTIFRICES,#REF!,#REF!,#REF!,#REF!, 
01f7638c-e8de-11e9-b385-fa163eb33c65,Oui,LA PIZZA DE MANOSQUE,LA PIZZA DE MANOSQUE,Adhérent,,52,,,,PME,  38 341 491 900 027 ,1/7/2024,"€ 19 718 327,00",,,,,Surgelés salés,,#REF!,#REF!,#REF!,#REF!, 
020385ae-e8de-11e9-bf1b-fa163eb33c65,Oui,LA RUCHE ROANNAISE/MIEL BESACIER + (BOITE A CAKE),LA RUCHE ROANNAISE/MIEL BESACIER,Adhérent,,19,,,,PME,  40 588 005 500 034 ,22/8/2023,"€ 9 298 344,00",,,,BIO,"Confiserie et chocolat, Petit-déjeuner",,#REF!,#REF!,#REF!,#REF!, 
f92301ae-1860-11eb-ac8f-fa163eb33c65,Oui,Laboratoires DERMOSUN,Laboratoires DERMOSUN,Adhérent,,11,,,,PME,  53 053 214 200 037 ,20/12/2019,"€ 3 600 000,00",,,,,"Capillaire (shampoing, soin, coloration, accessoires), Maquillage et vernis, accessoires, Parfum, eau de toilette, Soin du corps (gel douche, crème, déo, dépilatoire, solaire, Savon), Soin du visage (crème, démaquillant, coton), Homme (rasage, soin, hygiène), Dentaire, Parapharmacie, contraception, Hygiène intime (tampons, incontinence, couche adulte), Papiers corps (mouchoirs, papier toilette)","Crème solaire, spray solaire, lait solaire protecteur, lait solaire enfant, spray solaire enfant, huile sèche, monoï, graisse à traire, lait après soleil, gelée après soleil, spray répulsif antimoustiques taons guêpes tiques, spray répulsif antimoustiques enfants, crèmes apaisante après-piqûre",#REF!,#REF!,#REF!,#REF!, 
fea7c7ee-e8dd-11e9-8f07-fa163eb33c65,Oui,LABORATOIRES FRANCE BEBE NUTRITION,FRANCE BEBE NUTRITION,Adhérent,,8,,,,PME,  39 956 993 800 026 ,1/1/2019,"€ 3 886 000,00",,,,,"Produits diététiques salés, Produits diététiques sucrés",,#REF!,#REF!,#REF!,#REF!, 
023bdcba-e8de-11e9-8b64-fa163eb33c65,Oui,LABORATOIRES LEA,LABORATOIRES LEA,Adhérent,,106,,,,PME,  41 511 923 900 028 ,1/1/2017,"€ 42 886 000,00",,,,"IFS, BRC, BIO","Capillaire (shampoing, soin, coloration, accessoires), Soin du corps (gel douche, crème, déo, dépilatoire, solaire, Savon), Parfum, eau de toilette",,#REF!,#REF!,#REF!,#REF!, 
0243592c-e8de-11e9-b11b-fa163eb33c65,Oui,LABORATOIRES NATESCIENCE,LABORATOIRES NATESCIENCE,Adhérent,,55,,,,PME,  49 944 852 000 019 ,1/1/2017,"€ 20 832 000,00",,,,,"Capillaire (shampoing, soin, coloration, accessoires), Parapharmacie, contraception, Soin du corps (gel douche, crème, déo, dépilatoire, solaire, Savon)",,#REF!,#REF!,#REF!,#REF!, 
025aacc6-e8de-11e9-a556-fa163eb33c65,Oui,LAITERIE DE SAINT MALO,LAITERIE DE SAINT MALO,Adhérent,Saint-Malo - Puffy's,240,,,1,ETI,  89 578 037 700 027 ,1/1/2024,"€ 171 000 000,00",1/1/2017,"€ 97 000 000,00",,,"Ultra frais (yaourt, dessert frais)",,#REF!,#REF!,#REF!,#REF!, 
028069de-e8de-11e9-af6a-fa163eb33c65,Oui,LARZUL S.A.S.,LARZUL S.A.S.,Adhérent,,80,,,,PME,  77 545 321 000 046 ,31/12/2021,"€ 19 000 000,00",,,,BIO,"Conserves viande, poisson, légumes, Plats cuisinés, Desserts ambiants, Produits diététiques salés, Produits diététiques sucrés, Jus de fruits et jus de légumes ambiants",,#REF!,#REF!,#REF!,#REF!, 
1d05b1f4-7262-11ed-add5-fa163e4cbe98,Oui,LE BATISTOU,LE BATISTOU,Adhérent,LE BATISTOU,85,,,,PME,  52 929 577 600 015 ,31/12/2023,"€ 13 597 794,00",,,,,"Charcuterie et saucisserie à cuire au Trad, Charcuterie LS",Saucissons secs; Jambons secs; chorizos; petites salaisons; Saucissons IGP Auvergne,#REF!,#REF!,#REF!,#REF!, 
028f7e42-e8de-11e9-9885-fa163eb33c65,Oui,LE BRIN D'OLIVIER,LE BRIN D'OLIVIER,Adhérent,,11,,,,PME,  42 384 213 700 014 ,1/1/2020,"€ 5 354 300,00",,,,,"Aides culinaires, sauces, condiments, épices, Spécialités régionales","Transformation, conditionnement, achats et vente d'olives et huiles d'olives",#REF!,#REF!,#REF!,#REF!, 
029b9b46-e8de-11e9-9882-fa163eb33c65,Oui,LE COQ NOIR,LE COQ NOIR,Adhérent,,20,,,,PME,  31 620 394 200 024 ,31/3/2025,"€ 6 274 208,00",1/1/2016,"€ 2 600 000,00",,"ISO, BIO","Aides culinaires, sauces, condiments, épices, Produits du monde, Epicerie fine",Sauces et condiments exotiques,#REF!,#REF!,#REF!,#REF!, 
d4f8758e-d4b8-11ef-aa1d-005056966fe6,Oui,LE GALL,LE GALL,Adhérent,LE GALL,57,,,1,ETI,  37 638 001 000 011 ,1/1/2024,"€ 82 000 000,00",,,,,"Ultra frais (yaourt, dessert frais)",Produits laitiers,#REF!,#REF!,#REF!,#REF!, 
daf2f136-67d8-11eb-85fc-fa163eb33c65,Oui,LE GRENIER DES GASTRONOMES,LE GRENIER DES GASTRONOMES,Adhérent,,56,,,,PME,  50 989 657 700 012 ,28/2/2023,"€ 12 660 000,00",,,,,"Conserves viande, poisson, légumes","Produits gourmands dérivés du canard gras, labellisés IGP Sud Ouest et Label Rouge",#REF!,#REF!,#REF!,#REF!, 
bb502ecc-e8de-11e9-998c-fa163eb33c65,Oui,LE MANOIR DES ABEILLES,LE MANOIR DES ABEILLES,Adhérent,,48,,,,PME,  44 358 355 400 029 ,29/12/2017,"€ 7 000 000,00",,,,BIO,"Petit-déjeuner, PPI, produits à garnir, pain d'épice, madeleine","MIEL BIO ET REGIONAUX
PAIN D'EPICES, NONNETTES
BISCUITS AU MIEL",#REF!,#REF!,#REF!,#REF!, 
8254596a-b7f2-11eb-8874-fa163eb33c65,Oui,LE MONDE DES CREPES,REGIS JEGOU,Adhérent,,81,,,,PME,  49 334 553 200 029 ,23/12/2020,"€ 11 700 000,00",,,,,"Surgelés sucrés, PPI, produits à garnir, pain d'épice, madeleine",FABRICATION GALETTES ET CREPES SURGELEES,#REF!,#REF!,#REF!,#REF!, 
02a89ad0-e8de-11e9-83c1-fa163eb33c65,Oui,LE PETIT BASQUE,LE PETIT BASQUE,Adhérent,,200,,,,ETI,  39 968 565 000 018 ,1/1/2024,"€ 70 000 000,00",,,,,"Ultra frais (yaourt, dessert frais)",,#REF!,#REF!,#REF!,#REF!, 
02eaea0c-e8de-11e9-bb2e-fa163eb33c65,Oui,LEA NATURE (GROUPE),PHARMACONCEPT COMMUNICATION DEVELOPPEMENT,Adhérent,,600,,,,ETI,  40 995 752 900 038 ,31/12/2022,"€ 478 000 000,00",31/12/2021,"€ 403 000 000,00",,"IFS, BRC, BIO","Entretien vaisselle (pastilles, liquides), Entretien du linge (lessive, teinture, adoucissant), Entretien maison (WC, sdb, cuisine, vitres, sols, désodo. ), Capillaire (shampoing, soin, coloration, accessoires), Parapharmacie, contraception, Dentaire, Soin du corps (gel douche, crème, déo, dépilatoire, solaire, Savon), Ingrédients Pâtisserie, Desserts ambiants, Plats principaux ambiants bébé, Produits diététiques sucrés, Petit-déjeuner, PPI, produits à garnir, pain d'épice, madeleine, Viennoiseries, Biscuits, Féculents, légumineuses, Maquillage et vernis, accessoires, Hygiène, beauté bébé et couches, Parfum, eau de toilette",,#REF!,#REF!,#REF!,#REF!, 
02f04092-e8de-11e9-9d62-fa163eb33c65,Oui,LECHEF,LECHEF,Adhérent,LECHEF,146,,,,PME,  80 976 041 600 010 ,1/1/2017,"€ 23 390 000,00",,,,"IFS, BIO",Traiteur LS,"Couscous, Paëlla, blanquette de veau, tagliatelle saumon,... Plats préparés frais, ultra-frais et surgelés",#REF!,#REF!,#REF!,#REF!, 
03112866-e8de-11e9-8845-fa163eb33c65,Oui,LES APICULTEURS ASSOCIES,FAMILLE VACHER,Adhérent,,16,,,,PME,  39 973 186 800 010 ,31/12/2023,"€ 13 800 000,00",1/1/2020,"€ 14 029 100,00",,BIO,"Petit-déjeuner, PPI, produits à garnir, pain d'épice, madeleine",,#REF!,#REF!,#REF!,#REF!, 
6be52026-93a2-11ea-a3e5-fa163eb33c65,Oui,LES CHARCUTIERS D'ALSACE,MAISON ADAM,Adhérent,MAISON ADAM,42,,,,PME,  33 405 277 600 039 ,,"€ 9 800 000,00",,,,,"Pâtés, mousses, rillettes au Trad, Autres salaisons au Trad, Jambons cuit et cru au Trad, Charcuterie de Volaille au Trad, Charcuterie et saucisserie à cuire au Trad, Charcuterie LS",charcuterie alsacienne,#REF!,#REF!,#REF!,#REF!, 
032b6e60-e8de-11e9-b530-fa163eb33c65,Oui,LES CHEVALIERS D'ARGOUGES,LES CHEVALIERS D'ARGOUGES,Adhérent,,120,,,,PME,  38 204 469 100 030 ,31/5/2023,"€ 18 461 066,00",,,,"IFS, BIO","Confiserie et chocolat, Pâtisseries",ChocolaterieCHOCOLATS SAISONNIERS (NOEL - PAQUES)   SPECIALITES  CHOCOLATS A OFFRIR TOUTE L'ANNEE,#REF!,#REF!,#REF!,#REF!, 
033a377e-e8de-11e9-92d7-fa163eb33c65,Oui,LES CRUDETTES,LES CRUDETTES,Adhérent,,627,,,,ETI,  34 312 758 500 036 ,1/1/2017,"€ 98 000 000,00",,,,BIO,"4éme et 5éme gamme, Soupe, jus de fruits frais, compotes fraîches",,#REF!,#REF!,#REF!,#REF!, 
034bbb20-e8de-11e9-86e1-fa163eb33c65,Oui,LES DELICES DE LA MER SA,LES DELICES DE LA MER SA,Adhérent,,36,,,,PME,  33 929 379 700 033 ,31/3/2024,"€ 12 000 000,00",,,,,Traiteur de la mer LS,,#REF!,#REF!,#REF!,#REF!, 
722cf6da-9094-11eb-8b6e-fa163eb33c65,Oui,Les gouts du Sud,Pedelhez,Adhérent,Pedelhez,47,,,,PME,  47 924 424 600 019 ,1/1/2023,"€ 11 652 000,00",,,,,"Charcuterie LS, Traiteur LS, Volailles LS, Boucherie et abats LS, Traiteur de la mer LS, Charcuterie et saucisserie à cuire au Trad",Boucherie et charcuterie Catalane et Méditerranéenne,#REF!,#REF!,#REF!,#REF!, 
037beffc-e8de-11e9-afc3-fa163eb33c65,Oui,LES GRANDES SOURCES DE WATTWILLER,LES GRANDES SOURCES DE WATTWILLER,Adhérent,Spadel,50,,,,ETI,  38 361 630 700 013 ,1/1/2020,"€ 298 000 000,00",,,,ISO,"Eaux plates, gazeuses et aromatisées","Exploitation, embouteillage et commercialisation d'eau minérale naturelle Eaux minérales plate et pétillantes",#REF!,#REF!,#REF!,#REF!, 
037fd36a-e8de-11e9-ae38-fa163eb33c65,Oui,LES JARDINS DE L'ORBRIE,LES JARDINS DE L'ORBRIE,Adhérent,Cœur de pomme,27,,,,PME,  43 523 314 300 039 ,31/12/2023,"€ 16 000 000,00",,,,BIO,"Cidres et bières, Jus de fruits et jus de légumes ambiants","jus de pomme et pétillants sans alcool, fabricant de boissons alcool et sans alcool",#REF!,#REF!,#REF!,#REF!, 
03876de6-e8de-11e9-bdc9-fa163eb33c65,Oui,LES METS DE PROVENCE,LES METS DE PROVENCE,Adhérent,,30,,,,PME,  32 177 464 800 026 ,31/12/2023,"€ 16 737 896,00",,,,"IFS, BRC, BIO",Plats cuisinés,plats cuisinés premium,#REF!,#REF!,#REF!,#REF!, 
a902956c-2605-11ee-98bb-fa163e4cbe98,Oui,LES NOUVELLES PAILLES,LES NOUVELLES PAILLES,Adhérent,LES NOUVELLES PAILLES ECO TECH FACTORY,5,,,,TPE,  88 359 637 100 012 ,31/12/2023,"€ 1 400 000,00",,,,BIO,"Art de la table, cuisson, ustensiles, vaisselle jetable","Nos pailles sont certifiées OK COMPOST HOME et ne fondent pas dans le verre ni en bouche. 
Nos couverts sont lisses et agréables en bouche, et réutilisables au moins 50 fois (en lave vaisselle professionnel).",#REF!,#REF!,#REF!,#REF!, 
aaf33544-db91-11ec-9ed9-fa163eb33c65,Oui,LES QUATRE SAISONS,CONFITURE 4 SAISONS,Adhérent,Les 4 Saisons Les 4 Saisons Sélection Les 4 Saisons Les Biologiques Confiturelle,25,,,,PME,  32 304 875 100 024 ,29/9/2021,"€ 5 692 776,00",,,,,Petit-déjeuner,"Confitures Bio
Confitures conventionnelles
Confitures allégées
Crèmes (caramel, citron...)
Aides culinaires (Confits...)
Préparations de fruits
Gelées
Paniers garnis",#REF!,#REF!,#REF!,#REF!, 
038e6664-e8de-11e9-bea6-fa163eb33c65,Oui,LES RUCHERS DU GUE,LES RUCHERS DU GUE,Adhérent,,15,,,,PME,  48 304 492 100 011 ,31/12/2022,"€ 2 460 000,00",,,,,"Petit-déjeuner, PPI, produits à garnir, pain d'épice, madeleine",,#REF!,#REF!,#REF!,#REF!, 
0398ab56-e8de-11e9-af7e-fa163eb33c65,Oui,LES SALINES DE GUERANDE (COOPERATIVE LE GUERANDAIS),LES SALINES DE GUERANDE,Adhérent,,52,,,,PME,  34 924 131 500 010 ,31/12/2023,"€ 28 000 000,00",,,,BIO,"Aides culinaires, sauces, condiments, épices",,#REF!,#REF!,#REF!,#REF!, 
03c3284a-e8de-11e9-99af-fa163eb33c65,Oui,LOBODIS,LOBODIS,Adhérent,,26,,,,PME,  34 465 626 900 075 ,31/12/2024,"€ 11 504 652,00",1/1/2016,"€ 10 000 000,00",,,Petit-déjeuner,,#REF!,#REF!,#REF!,#REF!, 
03c6b406-e8de-11e9-80ce-fa163eb33c65,Oui,LOC MARIA,LOC MARIA,Adhérent,,350,,,,ETI,  37 934 015 100 081 ,1/1/2018,"€ 71 000 000,00",,,,BIO,Biscuits,,#REF!,#REF!,#REF!,#REF!, 
03de7cee-e8de-11e9-bac3-fa163eb33c65,Oui,LOVE & GREEN,"LOVE & GREEN, GREEN FAMILY",Adhérent,,17,,,,PME,  52 977 758 300 046 ,31/12/2022,"€ 25 162 479,00",,,,BIO,"Hygiène intime (tampons, incontinence, couche adulte)",,#REF!,#REF!,#REF!,#REF!, 
03ee480e-e8de-11e9-b450-fa163eb33c65,Oui,LSDH (LAITERIE DE SAINT-DENIS DE L'HOTEL),LSDH (LAITERIE DE SAINT-DENIS DE L'HOTEL),Adhérent,,1800,,,,ETI,  8 558 149 400 029 ,31/12/2022,"€ 950 000 000,00",,,,"IFS, BRC, ISO, BIO, Sans gluten","Jus de fruits et jus de légumes ambiants, Sodas, limonades","Boissons non alcoolisées,  Tous liquides alimentaires",#REF!,#REF!,#REF!,#REF!, 
03f3ab6e-e8de-11e9-b237-fa163eb33c65,Oui,LUCIEN GEORGELIN SAS,LUCIEN GEORGELIN SAS,Adhérent,,130,,,,ETI,  38 251 081 600 038 ,31/12/2022,"€ 70 942 428,00",1/1/2020,"€ 61 700 000,00",,BIO,"Petit-déjeuner, Confiserie et chocolat, Aides culinaires, sauces, condiments, épices, Conserves viande, poisson, légumes",,#REF!,#REF!,#REF!,#REF!, 
04168972-e8de-11e9-a41e-fa163eb33c65,Oui,MAGDA,MAGDA,Adhérent,MAGDA,63,,,,PME,  38 866 963 200 076 ,1/1/2018,"€ 28 000 000,00",,,,"IFS, BRC, BIO",Surgelés salés,CHAMPIGNONS FORESTIERS ET LEGUMES SURGELES,#REF!,#REF!,#REF!,#REF!, 
11f80e16-87c6-11eb-9b71-fa163eb33c65,Oui,Mainjolle,Mainjolle,Adhérent,,10,,,,PME,  41 011 163 700 055 ,31/12/2022,"€ 7 498 000,00",3/12/2020,"€ 1 751 000,00",,,"Charcuterie LS, Traiteur LS, Volailles LS, Boucherie et abats LS, Traiteur de la mer LS, Charcuterie et saucisserie à cuire au Trad",Charcuterie de spécialité du Sud Ouest et Bordelais,#REF!,#REF!,#REF!,#REF!, 
fb854ea6-e8dd-11e9-b54e-fa163eb33c65,Oui,MAISON ALLAIRE,DANIEL ALLAIRE,Adhérent,,48,,,,PME,  32 290 299 000 017 ,31/12/2022,"€ 29 000 000,00",31/12/2021,"€ 18 594 000,00",,BIO,4éme et 5éme gamme,"Légumes cuits à la vapeur, Pommes de Terre, Gamme Bio",#REF!,#REF!,#REF!,#REF!, 
044ee178-e8de-11e9-97e9-fa163eb33c65,Oui,MAISON ROUCADIL,MAISON ROUCADIL,Adhérent,,40,,,,PME,  32 732 331 700 013 ,31/3/2024,"€ 20 412 208,00",,,,,"4éme et 5éme gamme, Fruits secs, olives fraîches",,#REF!,#REF!,#REF!,#REF!, 
0473f35a-e8de-11e9-9e74-fa163eb33c65,Oui,MARIE MORIN,MARIE MORIN,Adhérent,,44,,,,PME,  33 985 193 300 020 ,31/12/2021,"€ 28 700 000,00",1/1/2016,"€ 16 000 000,00",,BIO,"Ultra frais (yaourt, dessert frais), Salades au Trad, Entrées au Trad (feuilletés, quiches), Traiteur LS, Surgelés salés",fabrication de yaourt et dessert haut de gamme,#REF!,#REF!,#REF!,#REF!, 
044a9690-e8de-11e9-bc51-fa163eb33c65,Oui,MARLERE GASTRONOMIE,MAISON MARLERE,Adhérent,Maison Marlere / Accords Parfaits / Heure Propice / Vaillant Fourquet,4,,,,TPE,  53 078 000 600 017 ,31/3/2025,"€ 960 000,00",1/1/2016,"€ 600 000,00",,BIO,"Cidres et bières, Vins tranquilles",vins du sud-ouest  vins de bordeaux  vins bios  bieres bios  bieres artisanales  coffrets cadeaux vins  vins vegan,#REF!,#REF!,#REF!,#REF!, 
047e37e8-e8de-11e9-92fd-fa163eb33c65,Oui,MARTIN POURET,MARTIN-POURET,Adhérent,,15,,,,PME,  8 608 029 800 010 ,31/12/2023,"€ 2 300 000,00",1/4/2017,"€ 1 800 000,00",,BIO,"Aides culinaires, sauces, condiments, épices",,#REF!,#REF!,#REF!,#REF!, 
97fca682-b5b2-11ec-99dd-fa163eb33c65,Oui,MEDITERRANEAN FOOD SOLUTIONS,MEDITERRANEAN FOOD SOLUTIONS,Adhérent,Manifattura Mediterranean Food Solutions Magnifica Italia,12,,,,PME,  75 366 031 500 031 ,31/12/2022,"€ 8 120 000,00",,,,BIO,"Charcuterie LS, Traiteur LS, Volailles LS, Boucherie et abats LS, Traiteur de la mer LS, Pâtés, mousses, rillettes au Trad, Autres salaisons au Trad, Jambons cuit et cru au Trad, Charcuterie de Volaille au Trad, Charcuterie et saucisserie à cuire au Trad, Entrées au Trad (feuilletés, quiches), Salades au Trad, Plats cuisinés au Trad, Festif au Trad, Pizza au Trad, Rôtisserie au Trad","Antipasti, plats cuisinés, pizza, risotto, sauces, condiments, pâtes, gnocchi, fromages, charcuterie, desserts, snacking, fingerfood.",#REF!,#REF!,#REF!,#REF!, 
d8499ad6-25bd-11ec-8bce-fa163eb33c65,Oui,NATURALIM FRANCE MIEL,NATURALIM FRANCE MIEL,Adhérent,Les Compagnons du miel Le miel de nos Abeilles Miel et Miels,45,,,,PME,  38 863 525 200 033 ,31/12/2023,"€ 33 500 000,00",,,,BIO,Petit-déjeuner,"Miel, produits à base de miel, produits de la ruche",#REF!,#REF!,#REF!,#REF!, 
05c819fc-e8de-11e9-8b9b-fa163eb33c65,Oui,NATURE ET ALIMENTS,NATURE ET ALIMENTS,Adhérent,,25,,,,PME,  85 580 259 100 021 ,1/1/2016,"€ 4 600 000,00",,,,"BIO, Sans gluten","Ingrédients Pâtisserie, Potages, soupes, croutons",Préparations pour Desserts Bio - Potages instantanés Bio - aides à la Pâtisserie Bio,#REF!,#REF!,#REF!,#REF!, 
05cee250-e8de-11e9-a979-fa163eb33c65,Oui,NATURENVIE,NATURENVIE,Adhérent,,338,,,,ETI,  42 153 125 200 029 ,,"€ 159 352 000,00",,,,,"Aides culinaires, sauces, condiments, épices, Biscuits, Petit-déjeuner",,#REF!,#REF!,#REF!,#REF!, 
05d6ca92-e8de-11e9-b9a4-fa163eb33c65,Oui,NATUROPERA (EX. NATUR VOX et EX. TIDOO),NATUR'VOX,Adhérent,,2,,,,PME,  84 954 105 700 014 ,1/1/2020,"€ 29 500 000,00",,,,BIO,"Hygiène intime (tampons, incontinence, couche adulte)",Vente de produits biologiques et écologiques à destination des bébés,#REF!,#REF!,#REF!,#REF!, 
05ef99b4-e8de-11e9-a16b-fa163eb33c65,Oui,NEMECO,NEMECO,Adhérent,,6,,,,PME,  40 032 621 100 051 ,1/1/2016,"€ 8 000 000,00",,,,"IFS, BRC, BIO",Boissons à base de plantes,vente de boissons nomades et naturelles,#REF!,#REF!,#REF!,#REF!, 
a7b93e1a-b971-11ec-a06d-fa163eb33c65,Oui,NINKASI FABRIQUES,NINKASI FABRIQUES,Adhérent,,58,,,,PME,  42 395 306 600 010 ,31/12/2023,"€ 13 079 201,00",,,,,"Spiritueux, Vins tranquilles, Vins effervescents et champagnes, Cidres et bières, Eaux plates, gazeuses et aromatisées, Jus de fruits et jus de légumes ambiants, Sodas, limonades, Sirops, Boissons à base de plantes",#ERROR!,#REF!,#REF!,#REF!,#REF!, 
065f7892-e8de-11e9-8843-fa163eb33c65,Oui,ODNV,OEUF DE NOS VILLAGES,Adhérent,,38,,,,ETI,  37 748 122 100 044 ,1/1/2024,"€ 312 000 000,00",1/1/2020,"€ 260 027 300,00",,"IFS, BIO","Crèmerie (lait, beurre, crème, œufs), Traiteur LS",Oeufs,#REF!,#REF!,#REF!,#REF!, 
0706e730-e8de-11e9-83ac-fa163eb33c65,Oui,PAGES,PAGES,Adhérent,,100,,,,PME,  34 159 403 400 017 ,1/1/2017,"€ 20 184 000,00",,,,BIO,Petit-déjeuner,,#REF!,#REF!,#REF!,#REF!, 
070fc990-e8de-11e9-9090-fa163eb33c65,Oui,PAGES VEDRENNE S.A.S.,PAGES VEDRENNE S.A.S.,Adhérent,,80,,,,PME,  35 382 104 400 065 ,1/1/2018,"€ 17 867 800,00",,,,,"Sirops, Spiritueux",Liqueurs et Sirops,#REF!,#REF!,#REF!,#REF!, 
058d14ec-e8de-11e9-888b-fa163eb33c65,Oui,PAIN D'EPICES MULOT ET PETITJEAN,PAIN D'EPICES MULOT ET PETITJEAN,Adhérent,,47,,,,PME, 01575153000013,31/12/2023,"€ 6 730 000,00",,,,BIO,"PPI, produits à garnir, pain d'épice, madeleine",Fabrication et vente de pain dépices,#REF!,#REF!,#REF!,#REF!, 
faf1baf6-e8dd-11e9-835f-fa163eb33c65,Oui,PARFUMS CORANIA,PARFUMS CORANIA,Adhérent,,5,,,,PME,  31 838 176 100 036 ,31/12/2024,"€ 19 000 000,00",,,,,"Parfum, eau de toilette",Parfums,#REF!,#REF!,#REF!,#REF!, 
07767b7c-e8de-11e9-b079-fa163eb33c65,Oui,PATISSERIE BAILLON,LEGENDES DU POITOU,Adhérent,,19,,,,PME,  30 582 580 400 027 ,31/12/2022,"€ 5 000 000,00",31/12/2021,"€ 4 455 000,00",,"IFS, BIO",Surgelés sucrés,"Bûches de Noël roulées pâtissières, galettes et broyés du Poitou, Gâteaux au fromage, Tourteaux fromagés",#REF!,#REF!,#REF!,#REF!, 
077d4650-e8de-11e9-a50b-fa163eb33c65,Oui,PATISSERIE BEURLAY,PATISSERIE BEURLAY,Adhérent,,28,,,,PME,  42 969 802 000 014 ,31/12/2023,"€ 4 250 423,00",,,,,"Biscuits, Produits diététiques sucrés",,#REF!,#REF!,#REF!,#REF!, 
04ae356a-88bf-11eb-8dd3-fa163eb33c65,Oui,PAUL HEUMANN,PAUL HEUMANN,Adhérent,,20,,,,PME,  71 850 193 500 024 ,30/12/2022,"€ 3 198 000,00",,,,BIO,"Produits apéritifs, chips, Petit-déjeuner","Pains azymes natures ou aromatisés (crackers, crackers ronds, galettes, pilés)",#REF!,#REF!,#REF!,#REF!, 
07c06d86-e8de-11e9-82eb-fa163eb33c65,Oui,PERRIN VERMOT SA,SA PERRIN VERMOT,Adhérent,,81,,,,ETI,  30 647 461 000 020 ,31/3/2024,"€ 58 279 258,00",,,,"IFS, BRC, ISO, BIO","Fromages LS, Fromages fondus et frais, Pates molles, Pates persillées, Crèmerie (lait, beurre, crème, œufs)",fromagerie,#REF!,#REF!,#REF!,#REF!, 
c43b2f00-e8de-11e9-bb8a-fa163eb33c65,Oui,PLANTIN,PLANTIN,Adhérent,,17,,,,PME,  70 692 021 200 018 ,31/12/2024,"€ 31 400 000,00",,,,,"Aides culinaires, sauces, condiments, épices, Spécialités régionales","produits à base de truffes (et/ou aromatisés à la truffes), champignons sechées, truffes fraiches",#REF!,#REF!,#REF!,#REF!, 
081d26ac-e8de-11e9-8827-fa163eb33c65,Oui,PMC LINGERIE,PMC LINGERIE,Adhérent,,38,,,,PME,  44 461 097 600 011 ,31/12/2023,"€ 14 065 555,00",,,,,"Collant, mi-bas, chaussettes, Petite Puériculture (biberons, vêtements), Sous-vêtement",,#REF!,#REF!,#REF!,#REF!, 
082de898-e8de-11e9-bff5-fa163eb33c65,Oui,PODER,SARL PODER,Adhérent,,25,,,,PME,  35 302 694 100 024 ,30/9/2024,"€ 16 785 000,00",,,,BIO,Fruits et légumes bruts,,#REF!,#REF!,#REF!,#REF!, 
0835ea98-e8de-11e9-94ad-fa163eb33c65,Oui,POMONE,POMONE,Adhérent,,100,,,,PME,  38 833 806 300 048 ,1/1/2023,"€ 41 909 423,00",,,,BIO,Surgelés sucrés,fabrication industrielle de pâtisseries surgelées,#REF!,#REF!,#REF!,#REF!, 
b5b8297c-03fa-11ec-8bd8-fa163eb33c65,Oui,POULIQUEN,POULIQUEN,Adhérent,,25,,,,PME,  83 964 261 800 020 ,30/6/2024,"€ 24 200 000,00",,,,,"Fruits et légumes bruts, Spécialités régionales",Légumes bretons,#REF!,#REF!,#REF!,#REF!, 
086f7862-e8de-11e9-9cc5-fa163eb33c65,Oui,PRIMEL GASTRONOMIE,PRIMEL GASTRONOMIE,Adhérent,,340,,2,,ETI,  39 946 423 900 025 ,1/1/2024,"€ 110 000 000,00",1/12/2022,"€ 100 000 000,00",,ISO,"Surgelés salés, Surgelés sucrés",Fabrication de plats cuisinés surgelés,#REF!,#REF!,#REF!,#REF!, 
f3db3e4a-d4b9-11ef-ac07-005056966fe6,Oui,PRIMEL TRAITEUR,PRIMEL TRAITEUR,Adhérent,,130,,1,1,PME,  45 054 475 400 028 ,1/1/2024,"€ 14 000 000,00",,,,,"Pains, Pâtisseries, Surgelés sucrés",,#REF!,#REF!,#REF!,#REF!, 
95d30ef6-f7e0-11e9-b928-fa163eb33c65,Oui,PRODUCTION LA PRADE / SOFICOR,PRODUCTION LA PRADE,Adhérent,,,,,,ETI,  38 390 742 500 029 ,31/12/2023,"€ 82 786 329,00",,,,,"Aides culinaires, sauces, condiments, épices, Produits apéritifs, chips",,#REF!,#REF!,#REF!,#REF!, 
0892c6e6-e8de-11e9-9e80-fa163eb33c65,Oui,PRUNIER SAS,PRUNIER,Adhérent,,152,,,,PME,  34 905 002 100 022 ,31/12/2021,"€ 43 000 000,00",1/1/2017,"€ 30 249 000,00",,,"Charcuterie et saucisserie à cuire au Trad, Charcuterie LS",,#REF!,#REF!,#REF!,#REF!, 
06bcd3a0-8f8e-11ef-a6c7-005056966fe6,Oui,RAFFOLE,RAFFOLE,Adhérent,RAFFOLE CHIMBOTE,,,,,PME,  98 090 218 300 014 ,31/12/2023,"€ 6 400 000,00",,,,,"Produits du monde, Epicerie fine",Fabricant de confiture de lait et dérivés,#REF!,#REF!,#REF!,#REF!, 
08a6a440-e8de-11e9-b4e2-fa163eb33c65,Oui,RAIFALSA ALELOR,RAIFALSA ALELOR,Adhérent,ALELOR,20,,,,PME,  41 452 729 100 036 ,1/1/2020,"€ 3 100 000,00",,,,BIO,"Aides culinaires, sauces, condiments, épices, Traiteur de la mer LS","Épicerie salée  : Raifort  (moutarde),  Moutardes, raiforts, cornichons, condiments salés, huile et vinaigre",#REF!,#REF!,#REF!,#REF!, 
08b901d0-e8de-11e9-a4d0-fa163eb33c65,Oui,REITZEL BRIAND,REITZEL BRIAND,Adhérent,,70,,,,PME,  34 746 424 000 063 ,31/12/2022,"€ 46 842 355,00",,,,BIO,"Aides culinaires, sauces, condiments, épices, Confiserie et chocolat",,#REF!,#REF!,#REF!,#REF!, 
08c566a0-e8de-11e9-a842-fa163eb33c65,Oui,RICA LEVY INTERNATIONAL,RICA LEVY,Adhérent,,40,,,,PME,  34 115 950 700 076 ,31/12/2024,"€ 9 850 000,00",1/1/2022,"€ 20 000 000,00",,,Confection (vêtement de dessus),jeans,#REF!,#REF!,#REF!,#REF!, 
08d3b570-e8de-11e9-a504-fa163eb33c65,Oui,RIVAZUR CAKES,RIVAZUR CAKES,Adhérent,,45,,,,PME,  61 980 411 500 027 ,31/12/2021,"€ 13 600 000,00",1/1/2016,"€ 9 300 000,00",,,"PPI, produits à garnir, pain d'épice, madeleine",,#REF!,#REF!,#REF!,#REF!, 
08dacc20-e8de-11e9-a183-fa163eb33c65,Oui,RIVIERE,MAISON RIVIERE,Adhérent,,120,,,,PME,  34 984 417 500 019 ,31/12/2023,"€ 16 259 060,00",,,,BIO,"4éme et 5éme gamme, Charcuterie et saucisserie à cuire au Trad, Charcuterie LS, Fromages fondus et frais, Fromages LS, Jambons cuit et cru au Trad, Pates molles, Pates persillées, Salades au Trad, Traiteur LS, Viande Bovine, Volailles",,#REF!,#REF!,#REF!,#REF!, 
09caec64-e8de-11e9-8952-fa163eb33c65,Oui,ROCHES BLANCHES,ROCHES BLANCHES,Adhérent,,35,,,,PME,  53 303 039 100 015 ,1/1/2016,"€ 6 247 000,00",,,,"IFS, BRC, BIO, Sans gluten",Charcuterie LS,SALAISONS SECHES,#REF!,#REF!,#REF!,#REF!, 
c53a13ee-e8de-11e9-a9a2-fa163eb33c65,Oui,ROUTIN SA,ROUTIN SA,Adhérent,,198,,,,ETI,  74 562 027 800 010 ,31/12/2023,"€ 120 000 000,00",1/1/2021,"€ 55 000 000,00",,,Sirops,,#REF!,#REF!,#REF!,#REF!, 
d7e8768e-7c3f-11eb-be57-fa163eb33c65,Oui,SA VINS JEAN LOUIS PARSAT,VINS JL PARSAT,Adhérent,,35,,,,PME,  35 333 323 000 012 ,31/12/2023,"€ 30 058 444,00",,,,,"Spiritueux, Vins tranquilles, Vins effervescents et champagnes, Cidres et bières, Eaux plates, gazeuses et aromatisées, Jus de fruits et jus de légumes ambiants, Sodas, limonades, Sirops, Boissons à base de plantes","Ventes de vins et spiritueux consommation courante de pays ou Aoc gros et Demi-gros détail Prod ou mat s'y rapportant
",#REF!,#REF!,#REF!,#REF!, 
090e80b0-e8de-11e9-b7a8-fa163eb33c65,Oui,SABAROT WASSNER,SABAROT WASSNER,Adhérent,,130,,,,ETI,  58 575 081 300 040 ,31/12/2023,"€ 66 000 000,00",,,,,"Conserves viande, poisson, légumes, Féculents, légumineuses, Surgelés salés, 4éme et 5éme gamme",,#REF!,#REF!,#REF!,#REF!, 
09212f4e-e8de-11e9-b9ec-fa163eb33c65,Oui,SAEM DE RIBEAUVILLE SOURCE CAROLA,SAEM DE RIBEAUVILLE SOURCE CAROLA,Adhérent,,45,,,,ETI,  91 542 023 600 019 ,31/12/2021,"€ 266 000 000,00",1/1/2014,"€ 16 000 000,00",,,"Eaux plates, gazeuses et aromatisées",,#REF!,#REF!,#REF!,#REF!, 
0926391c-e8de-11e9-8eef-fa163eb33c65,Oui,SAINT HUBERT,SAINT HUBERT,Adhérent,,213,,,,ETI,  75 232 931 800 022 ,1/1/2023,"€ 103 000 000,00",,,,BIO,"Crèmerie (lait, beurre, crème, œufs), Ultra frais (yaourt, dessert frais)",Fabrication de margarines et de pâtes à tartiner,#REF!,#REF!,#REF!,#REF!, 
0939a88a-e8de-11e9-9ba9-fa163eb33c65,Oui,SAINTE LUCIE,SAINTE LUCIE,Adhérent,,48,,,,PME,  57 215 120 700 022 ,31/12/2023,"€ 43 557 100,00",,,,BIO,"Aides culinaires, sauces, condiments, épices, Ingrédients Pâtisserie, Petit-déjeuner",,#REF!,#REF!,#REF!,#REF!, 
5d61e01a-1cf2-11ef-b08c-005056966fe6,Oui,SALAISONS BERNARD,SALAISONS BERNARD,Adhérent,,85,,,,PME, 823 847 132 000 29,31/12/2023,"€ 3 347 737,00",,,,,"Charcuterie et saucisserie à cuire au Trad, Charcuterie LS",Saucissons secs; Jambons secs; chorizos; petites salaisons; Saucissons IGP Auvergne,#REF!,#REF!,#REF!,#REF!, 
c5cf1bba-e8de-11e9-b2b8-fa163eb33c65,Oui,SALAISONS CROS,SALAISONS CROS,Adhérent,,37,,,,PME,  32 379 068 300 037 ,30/12/2021,"€ 21 000 000,00",,,,,"Pâtés, mousses, rillettes au Trad, Autres salaisons au Trad, Jambons cuit et cru au Trad, Charcuterie de Volaille au Trad, Charcuterie et saucisserie à cuire au Trad, Charcuterie LS","Salaisons (Jambons sans conservateurs, saucisses sèches)",#REF!,#REF!,#REF!,#REF!, 
e989dfc0-8f92-11eb-ae19-fa163eb33c65,Oui,Salaisons de Saint Sauveur sas,Salaisons de Saint Sauveur sas,Adhérent,,12,,,,PME,  50 043 831 200 026 ,31/12/2022,"€ 4 553 101,00",3/12/2020,"€ 3 800 000,00",,,"Charcuterie LS, Traiteur LS, Volailles LS, Boucherie et abats LS, Traiteur de la mer LS, Charcuterie et saucisserie à cuire au Trad","Saucisserie Régionale Toulousaine
- Véritable saucisse de Toulouse
- Saucisse de Canard",#REF!,#REF!,#REF!,#REF!, 
fff12550-e8dd-11e9-9419-fa163eb33c65,Oui,SALAISONS DEBROAS - groupe debroas UPCS,SALAISONS DEBROAS,Adhérent,,120,,,,PME,  30 942 263 200 021 ,31/12/2023,"€ 15 318 813,00",,,,,"Charcuterie et saucisserie à cuire au Trad, Charcuterie LS",,#REF!,#REF!,#REF!,#REF!, 
c1715ca2-f7e0-11e9-b99e-fa163eb33c65,Oui,SARAPARTICIPATIONS,SARA PARTICIPATION,Adhérent,,,,,,PME,  52 859 649 700 016 ,31/12/2022,"€ 41 909 423,00",,,,,Pâtisseries,,#REF!,#REF!,#REF!,#REF!, 
80c2f98e-8f8f-11eb-a93b-fa163eb33c65,Oui,SAS ROSTAIN,Rostain - Regal Bio,Adhérent,,27,,,,PME,  39 977 943 800 031 ,3/12/2020,"€ 7 130 000,00",,,,ISO,"Charcuterie LS, Traiteur LS, Volailles LS, Boucherie et abats LS, Traiteur de la mer LS, Charcuterie et saucisserie à cuire au Trad",Boucherie et Charcuterie 100% Bio,#REF!,#REF!,#REF!,#REF!, 
31ca4f14-1cf2-11ef-8fc5-005056966fe6,Oui,SAVEURS ET TRADITIONS CONSEIL (holding),SAVEURS ET TRADITIONS CONSEIL,Adhérent,,85,,,,PME,  52 929 577 600 015 ,31/12/2023,"€ 17 000 000,00",,,,,"Charcuterie et saucisserie à cuire au Trad, Charcuterie LS",Saucissons secs; Jambons secs; chorizos; petites salaisons; Saucissons IGP Auvergne,#REF!,#REF!,#REF!,#REF!, 
0a328c70-e8de-11e9-bfd4-fa163eb33c65,Oui,SILL SAS,SILL SAS,Adhérent,,470,,1,,ETI,  48 768 155 300 045 ,1/1/2024,"€ 300 000 000,00",,,,,"Crèmerie (lait, beurre, crème, œufs), Ultra frais (yaourt, dessert frais)",,#REF!,#REF!,#REF!,#REF!, 
05446f30-e8de-11e9-8551-fa163eb33c65,Oui,SNCD MIELS VILLENEUVE (EX CULTURE MIEL),MIELS VILLENEUVE,Adhérent,Miels Villeneuve; L'abeille royale; L'abeille Délicieuse,13,,,,PME,  94 056 397 600 015 ,31/12/2024,"€ 3 800 000,00",,,BIO,BIO,"Petit-déjeuner, PPI, produits à garnir, pain d'épice, madeleine","Depuis 1936, Miels Villeneuve perpétue un savoir faire familial unique, en s'appuyant sur une sélection rigoureuses des meilleurs miels, issus de partenariats solides avec des apiculteurs passionnés.
Savoir faire: Négoce, conditionnement, analyses, commercialisation de miels, confiserie, biscuiterie et produits dérivés de la ruche (apithérapie etc) avec engagement de qualité et de 
onditionnement; analyses, commercialisation de miels, confiserie, biscuiterie et produits dérivés de la ruche (apithérapie etc).",#REF!,#REF!,#REF!,#REF!, 
c9c541d0-6157-11ef-8474-005056966fe6,Oui,SOCIETE ANGEVINE DES AIDES CULINAIRES SADAC,SADAC CYRANIE,Adhérent,CYRANIE,35,,,1,PME,  40 806 109 100 042 ,31/12/2024,"€ 6 942 257,00",,,,,Plats cuisinés,Epicerie Salée - Epicerie Sucrée,#REF!,#REF!,#REF!,#REF!, 
0635f846-e8de-11e9-ac2d-fa163eb33c65,Oui,SODALIS FRANCE - Ex. NOVAMEX (L'ARBRE VERT),L'ARBRE VERT,Adhérent,,35,,,,ETI,  33 779 606 400 059 ,31/12/2023,"€ 73 958 669,00",,,,BIO,"Entretien du linge (lessive, teinture, adoucissant), Entretien maison (WC, sdb, cuisine, vitres, sols, désodo. ), Capillaire (shampoing, soin, coloration, accessoires), Dentaire, Soin du corps (gel douche, crème, déo, dépilatoire, solaire, Savon)",FABRICANT PRODUITS DENTRETIEN ECOLOGIQUES,#REF!,#REF!,#REF!,#REF!, 
91cd8532-f9e8-11eb-ad3b-fa163eb33c65,Oui,SODIPORC,MAITRE COCHON,Adhérent,"MAITRE COCHON, APERO COCHON",66,,,,PME,  73 182 014 800 039 ,31/12/2024,"€ 21 486 645,00",,,,,"Viande Bovine, Veau, Viande Porcine, Viande Ovine, Viande Chevaline, Triperie, abats, Gibier, Volailles, Charcuterie LS, Traiteur LS, Volailles LS, Boucherie et abats LS, Pâtés, mousses, rillettes au Trad, Autres salaisons au Trad, Jambons cuit et cru au Trad, Charcuterie de Volaille au Trad, Charcuterie et saucisserie à cuire au Trad, Conserves viande, poisson, légumes",,#REF!,#REF!,#REF!,#REF!, 
0ad54cc6-e8de-11e9-8ff7-fa163eb33c65,Oui,SOMAPRO,SOCIETE MARNAISE DE PRODUCTION - SOMAPRO,Adhérent,,45,,,,PME,  33 518 515 300 012 ,31/12/2022,"€ 14 172 000,00",31/12/2022,"€ 14 144 118,00",,"IFS, ISO, BIO, Sans gluten","Aides culinaires, sauces, condiments, épices, Ingrédients Pâtisserie",Plats cuisinés déshydratés et aides à la pâtisserie,#REF!,#REF!,#REF!,#REF!, 
0ad950e6-e8de-11e9-ab66-fa163eb33c65,Oui,SOS ALSAC IMPORTATION DE CAFES (CAFE SATI),CAFE SATI,Adhérent,,49,,,,ETI,  57 850 209 800 010 ,31/12/2024,"€ 68 000 000,00",,,,,Petit-déjeuner,,#REF!,#REF!,#REF!,#REF!, 
0b00e0de-e8de-11e9-aaf2-fa163eb33c65,Oui,SPH GERARD BERTRAND,SPH GERARD BERTRAND,Adhérent,,300,,,,ETI,  38 233 895 200 023 ,31/12/2023,"€ 150 167 484,00",31/12/2021,"€ 126 000 000,00",,,Vins tranquilles,,#REF!,#REF!,#REF!,#REF!, 
1708b896-14a3-11ec-9f8f-fa163eb33c65,Oui,SRDi,SRDi,Adhérent,,90,,,,PME,  44 412 577 700 029 ,23/12/2022,"€ 35 000 000,00",,,,,"Image, son, informatique","- Collecte et traitement de cartouches usagées
- Distribution de cartouches d'encre compatibles
- Distribution d'accessoires High-Tech & Multimédia",#REF!,#REF!,#REF!,#REF!, 
0b435e14-e8de-11e9-ab14-fa163eb33c65,Oui,STOEFFLER,STOEFFLER,Adhérent,,300,,,,ETI,  91 642 033 400 127 ,1/1/2022,"€ 80 000 000,00",,,,ISO,"Traiteur LS, Entrées au Trad (feuilletés, quiches)",charcuterie salaison,#REF!,#REF!,#REF!,#REF!, 
0b54896e-e8de-11e9-ba22-fa163eb33c65,Oui,SUDAGRO,HIRUAK- MAINJOLLE- LES GOUTS DU SUD- SALAISON DE ST SAUVEUR,Adhérent,"Les Goûts du Sud, Pedelhez",160,,,,PME,  75 048 552 600 024 ,31/12/2023,"€ 38 000 000,00",,,,BIO,"Charcuterie LS, Viande Porcine, Volailles, Charcuterie de Volaille au Trad, Charcuterie et saucisserie à cuire au Trad",,#REF!,#REF!,#REF!,#REF!, 
c9bc95c2-e8de-11e9-9e14-fa163eb33c65,Oui,SUSTN FOOD (MARQUE HOOPE),SUSTN FOOD (MARQUE HOOPE),Adhérent,,7,,,,TPE,  83 919 443 800 017 ,31/12/2024,"€ 820 000,00",,,,BIO,"Biscuits, Petit-déjeuner",#ERROR!,#REF!,#REF!,#REF!,#REF!, 
283d3bbc-c1a1-11ed-8f00-fa163e4cbe98,Oui,TERRAVEG UNIBIO,TERRAVEG UNIBIO,Adhérent,,11,45,,,PME,  75 297 248 900 021 ,30/11/2021,"€ 8 657 271,00",,,,BIO,Fruits et légumes bruts,"Carottes, oignons, pomme de terre; légumes racines, légumes originaux, Bio et conventionnel, conditionné sur le marché du frais",#REF!,#REF!,#REF!,#REF!, 
d9ba9fca-d4bd-11ef-bad0-005056966fe6,Oui,TERRE D'EMBRUNS,TERRE D'EMBRUNS,Adhérent,TERRE D'EMBRUNS,75,,1,1,PME,  50 042 760 400 037 ,1/1/2024,"€ 7 000 000,00",,,,,Pâtisseries,biscuiterie et tarterie Brestoise,#REF!,#REF!,#REF!,#REF!, 
0c134430-e8de-11e9-a37c-fa163eb33c65,Oui,TRADITIONAL WORLD FOOD (TWF),TRADITIONAL WORLD FOOD (TWF),Adhérent,,,,,,PME,  35 405 912 300 019 ,31/12/2023,"€ 40 200 000,00",,,,,"Traiteur de la mer LS, Poissons frais et fumés, Charcuterie LS, Charcuterie et saucisserie à cuire au Trad, Potages, soupes, croutons, Conserves viande, poisson, légumes, Plats cuisinés, Traiteur LS",,#REF!,#REF!,#REF!,#REF!, 
0c2154a8-e8de-11e9-802a-fa163eb33c65,Oui,TREO,TREO,Adhérent,,23,,,,PME,  41 420 362 000 052 ,31/12/2022,"€ 16 900 000,00",,,,,"Traiteur de la mer LS, Poissons frais et fumés, Charcuterie LS, Charcuterie et saucisserie à cuire au Trad, Conserves viande, poisson, légumes, Plats cuisinés, Traiteur LS, Produits du monde, Epicerie fine",,#REF!,#REF!,#REF!,#REF!, 
0c4eec9c-e8de-11e9-91a7-fa163eb33c65,Oui,TRUFFIERES DE RABASSE,TRUFFIERES DE RABASSE,Adhérent,,8,,,,PME,  40 476 584 400 026 ,31/12/2023,"€ 4 400 000,00",1/1/2022,"€ 3 500 000,00",,,"Aides culinaires, sauces, condiments, épices, Produits du monde, Epicerie fine",,#REF!,#REF!,#REF!,#REF!, 
0c68757c-e8de-11e9-9737-fa163eb33c65,Oui,ULMANN,ULMANN,Adhérent,,56,,,,PME,  58 210 775 100 031 ,31/12/2022,"€ 12 900 000,00",1/1/2018,"€ 9 800 000,00",,,"Librairie, papeterie, jouet, DVD","Articles scolaires, Tableaux scolaires",#REF!,#REF!,#REF!,#REF!, 
0c779a02-e8de-11e9-a227-fa163eb33c65,Oui,UN AIR D'ICI,UN AIR D'ICI,Adhérent,La Maison des Bistrots,130,,,,ETI,  43 390 249 100 029 ,31/12/2023,"€ 68 206 424,00",,,,"IFS, BRC, BIO","Produits apéritifs, chips","Cacahuètes de Bistrot, Chouchous, Maïs grillé, Mélange japonais, Mélange exotique, Mélange méditerranéen, Mélange salé, Noix de cajou, Pipas de tournesol, Pistaches",#REF!,#REF!,#REF!,#REF!, 
0c9c596e-e8de-11e9-b0f1-fa163eb33c65,Oui,VAL LEGUMES,FERME DE FONTENAY,Adhérent,FERME DE FONTENAY,50,,,,PME,  38 848 978 300 018 ,31/12/2023,"€ 34 000 000,00",,,,,4éme et 5éme gamme,"Oignons, Echalotes, Ail",#REF!,#REF!,#REF!,#REF!, 
0ca89134-e8de-11e9-b7f1-fa163eb33c65,Oui,VALFLEURI,VALFLEURI,Adhérent,VALFLEURI,100,,,,PME,  91 552 062 100 052 ,31/12/2023,"€ 35 351 172,00",31/12/2022,"€ 29 392 600,00",,BIO,"Surgelés salés, Aides culinaires, sauces, condiments, épices","Pâtes de blé, Pâtes de légumineuses, Sauces à réchauffer
",#REF!,#REF!,#REF!,#REF!, 
0cdc4efc-e8de-11e9-9de5-fa163eb33c65,Oui,VINAIGRERIE GENERALE,VINAIGRERIE GENERALE,Adhérent,Tête Noire,9,,,,PME,  40 008 655 900 012 ,1/1/2016,"€ 5 700 000,00",,,,"ISO, BIO","Emballages ménagers (sacs poubelle, film étirable, alu), Produits feux, Accessoires ménagers (gants, éponges), Aides culinaires, sauces, condiments, épices","Vinaigres balsamiques, Vinaigres de cidre, Vinaigres de vin, Vinaigre d'alcool, Cornichons, Condiments",#REF!,#REF!,#REF!,#REF!, 
0cf2aff8-e8de-11e9-8ae7-fa163eb33c65,Oui,VITAGERMINE,VITAGERMINE,Adhérent,"Babybio, Vitabio",70,,,,ETI,  77 558 681 100 132 ,31/12/2023,"€ 93 000 000,00",31/12/2023,"€ 93 000 000,00",,BIO,"Jus de fruits et jus de légumes ambiants, Desserts ambiants, Plats principaux ambiants bébé, Produits diététiques sucrés, Petit-déjeuner, Traiteur LS","Produits bio pour enfants et adultes, Lait infantiles, Plats cuisinés, Compotes, Céréales, Biscuits, Jus, Tartinables.",#REF!,#REF!,#REF!,#REF!, 
0d082388-e8de-11e9-adbf-fa163eb33c65,Oui,VITAMONT SA,VITAMONT SA,Adhérent,VITAMONT,27,,,,PME,  32 867 805 700 022 ,1/1/2018,"€ 26 642 000,00",,,,"IFS, BRC, BIO","Surgelés sucrés, Boissons à base de plantes, Jus de fruits et jus de légumes ambiants, Soupe, jus de fruits frais, compotes fraîches",Jus de fruits et de légumes,#REF!,#REF!,#REF!,#REF!, 
de18ea54-e3b2-11eb-bd41-fa163eb33c65,Oui,VNM,VNM,Adhérent,,2,,,,TPE,  34 446 504 200 036 ,23/12/2022,"€ 1 000 000,00",,,,BIO,"Entretien du linge (lessive, teinture, adoucissant)","Entretien (maison, linge, vaisselles, chaussures)
Bazar (brico, déco, loisirs, jardin, auto, électricité, etc)",#REF!,#REF!,#REF!,#REF!, 
0d59ab22-e8de-11e9-a9dd-fa163eb33c65,Oui,WOLF LINGERIE,WOLF LINGERIE,Adhérent,,200,,,,PME,  63 850 210 400 042 ,1/1/2020,"€ 43 463 577,00",,,,,Sous-vêtement,,#REF!,#REF!,#REF!,#REF!, 
0d7fec06-e8de-11e9-84f5-fa163eb33c65,Oui,YOOJI,YOOJI,Adhérent,Yooji,40,,,,PME,  75 371 892 300 026 ,31/12/2023,"€ 6 003 390,00",,,,BIO,"Charcuterie LS, Traiteur LS, Volailles LS, Boucherie et abats LS, Traiteur de la mer LS, Fruits et légumes bruts, 4éme et 5éme gamme, Fruits secs, olives fraîches, Soupe, jus de fruits frais, compotes fraîches, Surgelés salés",fabrication d'aliments infantiles bio surgelés,#REF!,#REF!,#REF!,#REF!, 
0d915c66-e8de-11e9-b918-fa163eb33c65,Oui,ZAPHIR / AMALRIC,ISLA DELICE,Adhérent,,42,,,,ETI,  38 020 082 400 072 ,1/1/2017,"€ 80 000 000,00",,,,IFS,"Traiteur de la mer LS, Poissons frais et fumés, Viande Bovine, Charcuterie LS, Charcuterie et saucisserie à cuire au Trad, Surgelés sucrés, Produits diététiques sucrés, Fromages LS, Fromages fondus et frais, Pates persillées, Pates molles","Vente de produits, charcuterie, frais et surgelés",#REF!,#REF!,#REF!,#REF!, 
dfa2e376-0168-11ea-aa48-fa163eb33c65,Oui,ZOLUX / SAINT BERNARD,ZOLUX / SAINT BERNARD,Adhérent,,,,,,ETI,  43 196 744 700 019 ,31/12/2023,"€ 65 300 000,00",,,,,"Accessoires animaux, Aliments pour animaux, Soins pour animaux, Jardin et plein air",accessoires animaux,#REF!,#REF!,#REF!,#REF!, 