siret;mode;source;commentaire
45015773000026;MASTER;FOLLOWER avec audits;ALPHANUTRITION
34989119200024;MASTER;FOLLOWER avec audits;BIOVIVER CONSERVERIE
42169149400023;MASTER;FOLLOWER avec audits;CHARCUTERIE DU BLAVET
03732059500020;MASTER;FOLLOWER avec audits;COMPAGNIE DU MIDI (CHIMITEX)
43695002600027;FOLLOWER;FOLLOWER avec audits;CONSERVES STEPHAN
32290299000017;FOLLOWER;FOLLOWER avec audits;DANIEL ALLAIRE SAS
30887574900035;MASTER;FOLLOWER avec audits;DELOUIS FILS - MOUTARDES ET CONDIMENTS
47946348100033;MASTER;FOLLOWER avec audits;EAUX MINERALES NATURELLES DE QUEZAC
34505228600027;MASTER;FOLLOWER avec audits;EKIBIO
52875804800000;FOLLOWER;FOLLOWER avec audits;EURO 5
44461361600028;FOLLOWER;FOLLOWER avec audits;FIDELE
43161282900025;MASTER;FOLLOWER avec audits;FRAIS EMINCES
30055861600011;FOLLOWER;FOLLOWER avec audits;HIRUAK
40995752900038;MASTER;FOLLOWER avec audits;LEA NATURE (GROUPE)
80976041600010;MASTER;FOLLOWER avec audits;LECHEF TRAITEUR
33929379700033;FOLLOWER;FOLLOWER avec audits;LES DELICES DE LA MER SA
47924424600019;FOLLOWER;FOLLOWER avec audits;Les gouts du Sud
41011163700055;FOLLOWER;FOLLOWER avec audits;Mainjolle
50043831200026;FOLLOWER;FOLLOWER avec audits;Salaisons de Saint Sauveur sas
32867805700022;MASTER;FOLLOWER avec audits;VITAMONT SA
75092104100026;FOLLOWER;MASTER sans audit (suiveuse);AGROPROD
43678021700028;FOLLOWER;MASTER sans audit (suiveuse);BISCUITERIE DE LA TOUR D'ALBON
54625022600026;FOLLOWER;MASTER sans audit (suiveuse);BISCUITS CANTREAU
45520300000019;FOLLOWER;MASTER sans audit (suiveuse);LA COMPAGNIE DU BISCUIT
44478403700020;FOLLOWER;MASTER sans audit (suiveuse);MADEMOISELLE DE MARGAUX
53224105600029;FOLLOWER;MASTER sans audit (suiveuse);NINKASI DISTILLERIE
48005729800014;FOLLOWER;MASTER sans audit (suiveuse);NOUVELLE FROMAGERIE DE VAUDES
44782950800020;FOLLOWER;MASTER sans audit (suiveuse);Salaison SABOIAS
41026927800017;FOLLOWER;MASTER sans audit (suiveuse);BIO FERME
89841681300019;MASTER;MASTER sans audit (tête de groupe);Collectif AEB services
44171650300020;FOLLOWER;MASTER sans audit (suiveuse);COMPAGNIE D'EMBOUTEILLAGE ET DE VINIFICATION - CEV
53445511800032;MASTER;MASTER sans audit (tête de groupe);FOODIZ  SOLUTIONS (ex 2B'FRESH !)
42132139900030;FOLLOWER;MASTER sans audit (suiveuse);FOODIZ CUISINE
83336965500190;FOLLOWER;MASTER sans audit (suiveuse);FOODIZ DELI
05750287000021;MASTER;MASTER sans audit (tête de groupe);FROMAGERIE LINCET
32809789400070;FOLLOWER;MASTER sans audit (pas labellisé);GALAPAGOS GROUP | pas labellisé
37638001000011;FOLLOWER;MASTER sans audit (suiveuse);LE GALL
49194589500010;MASTER;MASTER sans audit (tête de groupe);LEA COMPAGNIE BIODIVERSITE
48834776600013;MASTER;MASTER sans audit (tête de groupe);LECHEF PREMIUM
48386700800011;FOLLOWER;MASTER sans audit (pas labellisé);OGEU GROUPE | pas labellisé (fille labellisée Quezac)
49837647400002;FOLLOWER;MASTER sans audit (pas labellisé);OLIVES & CO | pas labellisé (fille labellsiée Croc frais)
39946423900025;FOLLOWER;MASTER sans audit (suiveuse);PRIMEL GASTRONOMIE
45054475400028;FOLLOWER;MASTER sans audit (suiveuse);PRIMEL TRAITEUR
56207071400174;FOLLOWER;MASTER sans audit (pas labellisé);PRODEF | pas labellisé (filles labellsiées comagnie du midi - hygiene et nature)
43839430600015;FOLLOWER;MASTER sans audit (pas labellisé);RIVIERE DIFFUSION | pas labellisé (fillers les mets de provence - Rivière)
48768155300045;FOLLOWER;MASTER sans audit (suiveuse);SILL SAS
75048552600024;MASTER;MASTER sans audit (tête de groupe);SUDAGRO
83919443800017;MASTER;MASTER sans audit (tête de groupe);SUSTN FOOD (MARQUE HOOPE)
30942263200021;MASTER;MASTER sans audit (tête de groupe);UPCS Groupe DEBROAS
43196744700019;MASTER;MASTER sans audit (tête de groupe);ZOLUX / SAINT BERNARD
