ligne;siret;nom;saison;type_audit;statut_ecocert;probleme;details
3;5344551180040;FOODIZ SOLUTIONS;2026;Renewal audit;2-Inspector's Infoportal;SIRET inconnu dans la base FEEF;SIRET Ecocert : 5344551180040 — ID Ecocert : 301081
14;;CRYSTAL;2026;Additional inspection;2-Inspection order accepted;SIRET manquant;"SIRET brut : """""
15;;OCCITANE PLATS CUISINES;2026;Documentary review;2-Inspector's Infoportal;SIRET manquant;"SIRET brut : """""
16;;RIGA SAS ( Logistique);2026;Additional inspection;2-Inspector's Infoportal;SIRET manquant;"SIRET brut : """""
23;1715010300046;HYGIENE ET NATURE;2026;Documentary review;2-Inspector's Infoportal;SIRET inconnu dans la base FEEF;SIRET Ecocert : 1715010300046 — ID Ecocert : 121132
25;;FROMAGERIE MILLERET;2026;Additional inspection;2-Inspection order accepted;SIRET manquant;"SIRET brut : """""
27;63632053300012;POULIQUEN;2026;Renewal audit;2-Inspection in progress;SIRET inconnu dans la base FEEF;SIRET Ecocert : 63632053300012 — ID Ecocert : 63056
31;821064847;CHICHE;2026;Documentary review;2-Inspector's Infoportal;SIRET inconnu dans la base FEEF;SIRET Ecocert : 821064847 — ID Ecocert : 166500
36;55850337100178;GROUPE FRANCAISE DE  GASTRONOMIE;2026;Annual inspection;2-Inspector's Infoportal;SIRET inconnu dans la base FEEF;SIRET Ecocert : 55850337100178 — ID Ecocert : 233287
37;90003265700026;ATELIER CORSE FRUITS ET LEGUMES;2026;Documentary review;2-Inspector's Infoportal;SIRET inconnu dans la base FEEF;SIRET Ecocert : 90003265700026 — ID Ecocert : 250846
43;41026927800017;BIO FERME;2026;Additional inspection;2-Inspector's Infoportal;SIRET inconnu dans la base FEEF;SIRET Ecocert : 41026927800017 — ID Ecocert : 114465
48;38233895200056;SPH GERARD BERTRAND SITE EMBOUTEILLAGE NARBONNE;2026;Additional inspection;2-Inspection order accepted;SIRET inconnu dans la base FEEF;SIRET Ecocert : 38233895200056 — ID Ecocert : 102352
51;;LOBODIS;2026;Documentary review;2-Inspector's Infoportal;SIRET manquant;"SIRET brut : """""
52;45103226200029;PARFUMS CORANIA;2026;Documentary review;2-Inspector's Infoportal;SIRET inconnu dans la base FEEF;SIRET Ecocert : 45103226200029 — ID Ecocert : 306025
57;;ALTHO;2026;Renewal audit;2-Inspector's Infoportal;SIRET manquant;"SIRET brut : """""
61;44916448200050;ETHIQUABLE;2026;Renewal audit;2-Inspector's Infoportal;SIRET inconnu dans la base FEEF;SIRET Ecocert : 44916448200050 — ID Ecocert : 67846
72;83094262900015;BIOMERE (ex : Jubiles);2026;Documentary review;2-Inspector's Infoportal;SIRET inconnu dans la base FEEF;SIRET Ecocert : 83094262900015 — ID Ecocert : 167983
75;528126584;GALILEO;2026;Initial inspection;4-Certification finished;SIRET inconnu dans la base FEEF;SIRET Ecocert : 528126584 — ID Ecocert : 168015
76;33985193300012;MARIE MORIN FRANCE;2026;Documentary review;2-Inspector's Infoportal;SIRET inconnu dans la base FEEF;SIRET Ecocert : 33985193300012 — ID Ecocert : 21004
79;80524372200024;HOLLEA;2026;Documentary review;2-Inspector's Infoportal;SIRET inconnu dans la base FEEF;SIRET Ecocert : 80524372200024 — ID Ecocert : 156929
80;6820068200018;ETS PIERRE BOURRE;2026;Renewal audit;2-Inspector's Infoportal;SIRET inconnu dans la base FEEF;SIRET Ecocert : 6820068200018 — ID Ecocert : 139041
83;41265481600021;UPCS (Groupe DEBROAS);2026;Annual inspection;2-Inspector's Infoportal;SIRET inconnu dans la base FEEF;SIRET Ecocert : 41265481600021 — ID Ecocert : 233854
91;85580259100013;NATURE ET ALIMENTS;2026;Documentary review;2-Inspector's Infoportal;SIRET inconnu dans la base FEEF;SIRET Ecocert : 85580259100013 — ID Ecocert : 20269
93;30887574900019;DELOUIS FILS;2026;Renewal audit;2-Inspector's Infoportal;SIRET inconnu dans la base FEEF;SIRET Ecocert : 30887574900019 — ID Ecocert : 20117
98;62162092100075;CONFISERIE DU ROY RENE;2026;Renewal audit;2-Inspector's Infoportal;SIRET inconnu dans la base FEEF;SIRET Ecocert : 62162092100075 — ID Ecocert : 21952
103;38466458700035;GROUPE LE GRAET;2026;Renewal audit;2-Inspection order accepted;SIRET inconnu dans la base FEEF;SIRET Ecocert : 38466458700035 — ID Ecocert : 192231
104;;PAGES VEDRENNE;2026;Additional inspection;2-Inspector's Infoportal;SIRET manquant;"SIRET brut : """""
105;32135524000037;JC DAVID;2026;Documentary review;2-Inspector's Infoportal;SIRET inconnu dans la base FEEF;SIRET Ecocert : 32135524000037 — ID Ecocert : 84552
107;42488126600078;APIHA;2026;Renewal audit;2-Inspector's Infoportal;SIRET inconnu dans la base FEEF;SIRET Ecocert : 42488126600078 — ID Ecocert : 129497
109;;AGROPROD;2026;Additional inspection;1-Inspection order created;SIRET manquant;"SIRET brut : """""
110;47998353800030;ALFAGEL;2026;Documentary review;2-Inspector's Infoportal;SIRET inconnu dans la base FEEF;SIRET Ecocert : 47998353800030 — ID Ecocert : 177177
116;40588005500059;LA RUCHE ROANNAISE BESACIER;2026;Documentary review;2-Inspector's Infoportal;SIRET inconnu dans la base FEEF;SIRET Ecocert : 40588005500059 — ID Ecocert : 24447
119;34184205200027;MARO-OCEANS;2026;Renewal audit;2-Inspector's Infoportal;SIRET inconnu dans la base FEEF;SIRET Ecocert : 34184205200027 — ID Ecocert : 82354
122;84487722500012;MAISON SAVARY;2026;Documentary review;2-Inspector's Infoportal;SIRET inconnu dans la base FEEF;SIRET Ecocert : 84487722500012 — ID Ecocert : 315104
126;35066817400054;MACEO GROUPE;2026;Documentary review;2-Inspector's Infoportal;SIRET inconnu dans la base FEEF;SIRET Ecocert : 35066817400054 — ID Ecocert : 194483
128;;Salaison SABOIAS;2026;Additional inspection;2-Inspector's Infoportal;SIRET manquant;"SIRET brut : """""
134;53029122800027;BRASSERIE DE SUTTER;2026;Initial inspection;3-Certification order accepted;SIRET inconnu dans la base FEEF;SIRET Ecocert : 53029122800027 — ID Ecocert : 159961
136;45520300000027;LA COMPAGNIE DU BISCUIT;2026;Additional inspection;2-Inspector's Infoportal;SIRET inconnu dans la base FEEF;SIRET Ecocert : 45520300000027 — ID Ecocert : 37018
137;57215120700030;SAINTE LUCIE;2026;Documentary review;2-Inspector's Infoportal;SIRET inconnu dans la base FEEF;SIRET Ecocert : 57215120700030 — ID Ecocert : 69710
140;303229504;AGROBIOTHERS LABORATOIRE;2026;Renewal audit;2-Inspection order accepted;SIRET inconnu dans la base FEEF;SIRET Ecocert : 303229504 — ID Ecocert : 114616
145;83267504500021;PHAMED;2026;Initial inspection;3-Certification order accepted;SIRET inconnu dans la base FEEF;SIRET Ecocert : 83267504500021 — ID Ecocert : 191967
149;37934015100115;LMT Biscuiteries ( site de Coray);2026;Additional inspection;2-Inspection order accepted;SIRET inconnu dans la base FEEF;SIRET Ecocert : 37934015100115 — ID Ecocert : 188502
157;74562027800044;ROUTIN;2026;Renewal audit;2-Inspector's Infoportal;SIRET inconnu dans la base FEEF;SIRET Ecocert : 74562027800044 — ID Ecocert : 38582
158;37934015100057;LOC MARIA BISCUIT;2026;Additional inspection;2-Inspection order accepted;SIRET inconnu dans la base FEEF;SIRET Ecocert : 37934015100057 — ID Ecocert : 245828
163;38233895200015;SPH GERARD BERTRAND  - SITE PRINCIPAL;2026;Annual inspection;2-Inspection order accepted;SIRET inconnu dans la base FEEF;SIRET Ecocert : 38233895200015 — ID Ecocert : 64142
175;43678021700028;BISCUITERIE DE LA TOUR D'ALBON;2026;Additional inspection;2-Inspector's Infoportal;SIRET inconnu dans la base FEEF;SIRET Ecocert : 43678021700028 — ID Ecocert : 20034
177;53224105600029;NINKASI DISTILLERIE;2026;Additional inspection;2-Inspector's Infoportal;SIRET inconnu dans la base FEEF;SIRET Ecocert : 53224105600029 — ID Ecocert : 158082
180;5307800060025;MAISON MARLERE;2026;Documentary review;2-Inspector's Infoportal;SIRET inconnu dans la base FEEF;SIRET Ecocert : 5307800060025 — ID Ecocert : 168876
181;59977943800031;ROSTAIN;2026;Documentary review;2-Inspector's Infoportal;SIRET inconnu dans la base FEEF;SIRET Ecocert : 59977943800031 — ID Ecocert : 20424
183;;MALONGO;2026;Additional inspection;2-Inspector's Infoportal;SIRET manquant;"SIRET brut : """""
186;34746424000030;REITZEL BRIAND;2026;Additional inspection;2-Inspector's Infoportal;SIRET inconnu dans la base FEEF;SIRET Ecocert : 34746424000030 — ID Ecocert : 180053
190;41420362000045;TREO;2026;Documentary review;2-Inspector's Infoportal;SIRET inconnu dans la base FEEF;SIRET Ecocert : 41420362000045 — ID Ecocert : 62426
196;;WOLF LINGERIE;2026;Documentary review;2-Inspector's Infoportal;SIRET manquant;"SIRET brut : """""
197;1575153000013;MULOT ET PETITJEAN;2026;Renewal audit;2-Inspection order accepted;SIRET inconnu dans la base FEEF;SIRET Ecocert : 1575153000013 — ID Ecocert : 63578
201;;Collectif AEB services;2026;Documentary review;2-Inspector's Infoportal;SIRET manquant;"SIRET brut : """""
207;30088211500078;SAINT BERNARD;2026;Renewal audit;2-Inspector's Infoportal;SIRET inconnu dans la base FEEF;SIRET Ecocert : 30088211500078 — ID Ecocert : 199400
208;39420218800147;ESPRIT DU SEL;2026;Documentary review;2-Inspector's Infoportal;SIRET inconnu dans la base FEEF;SIRET Ecocert : 39420218800147 — ID Ecocert : 67934
214;82038874200018;LECHEF BRETAGNE INTERNATIONAL;2026;Documentary review;2-Inspector's Infoportal;SIRET inconnu dans la base FEEF;SIRET Ecocert : 82038874200018 — ID Ecocert : 306621
216;75720010000019;BISCUITS BOUVARD;2026;Annual inspection;2-Inspection order accepted;SIRET inconnu dans la base FEEF;SIRET Ecocert : 75720010000019 — ID Ecocert : 62851
220;;Natur'Opéra;2026;Additional inspection;2-Inspector's Infoportal;SIRET manquant;"SIRET brut : """""
222;56850321300023;RAIFALSA-ALELOR;2026;Documentary review;2-Inspector's Infoportal;SIRET inconnu dans la base FEEF;SIRET Ecocert : 56850321300023 — ID Ecocert : 30150
223;32866639100013;ACCOR LUBRIFIANTS;2026;Initial inspection;2-Inspector's Infoportal;SIRET inconnu dans la base FEEF;SIRET Ecocert : 32866639100013 — ID Ecocert : 315711
224;43523314300013;LES JARDINS DE L'ORBRIE;2026;Documentary review;2-Inspector's Infoportal;SIRET inconnu dans la base FEEF;SIRET Ecocert : 43523314300013 — ID Ecocert : 62762
227;408061091000;SADAC;2026;Documentary review;2-Inspector's Infoportal;SIRET inconnu dans la base FEEF;SIRET Ecocert : 408061091000 — ID Ecocert : 51427
229;53273732700017;BRASSERIE DE VEZELAY;2026;Documentary review;2-Inspector's Infoportal;SIRET inconnu dans la base FEEF;SIRET Ecocert : 53273732700017 — ID Ecocert : 121964
237;;LPA - LES P'TITS AMOUREUX;2026;Documentary review;2-Inspector's Infoportal;SIRET manquant;"SIRET brut : """""
240;35302694100032;PODER;2026;Documentary review;2-Inspection order accepted;SIRET inconnu dans la base FEEF;SIRET Ecocert : 35302694100032 — ID Ecocert : 20375
249;38863525200025;NATURALIM France Miel;2026;Documentary review;2-Inspector's Infoportal;SIRET inconnu dans la base FEEF;SIRET Ecocert : 38863525200025 — ID Ecocert : 21567
253;53844935600020;Groupe SECO SAS;2026;Annual inspection;2-Inspector's Infoportal;SIRET inconnu dans la base FEEF;SIRET Ecocert : 53844935600020 — ID Ecocert : 287773
257;90795192500037;Heritage;2026;Documentary review;2-Inspector's Infoportal;SIRET inconnu dans la base FEEF;SIRET Ecocert : 90795192500037 — ID Ecocert : 265308
260;6820068200018;ETS PIERRE BOURRE;2025;Documentary review;4-Certification finished;SIRET inconnu dans la base FEEF;SIRET Ecocert : 6820068200018 — ID Ecocert : 139041
263;;LPA - LES P'TITS AMOUREUX;2025;Initial inspection;3-Inspection finished - Pool;SIRET manquant;"SIRET brut : """""
266;;ALTHO;2025;Annual inspection;4-Certification finished;SIRET manquant;"SIRET brut : """""
270;;Natur'Opéra;2025;Additional inspection;4-Certification finished;SIRET manquant;"SIRET brut : """""
276;42488126600078;APIHA;2025;Documentary review;4-Certification finished;SIRET inconnu dans la base FEEF;SIRET Ecocert : 42488126600078 — ID Ecocert : 129497
290;45103226200029;PARFUMS CORANIA;2025;Initial inspection;4-Certification finished;SIRET inconnu dans la base FEEF;SIRET Ecocert : 45103226200029 — ID Ecocert : 306025
292;90003265700026;ATELIER CORSE FRUITS ET LEGUMES;2025;Initial inspection;4-Certification finished;SIRET inconnu dans la base FEEF;SIRET Ecocert : 90003265700026 — ID Ecocert : 250846
295;;OCCITANE PLATS CUISINES;2025;Initial inspection;4-Certification finished;SIRET manquant;"SIRET brut : """""
296;1575153000013;MULOT ET PETITJEAN;2025;Documentary review;4-Certification finished;SIRET inconnu dans la base FEEF;SIRET Ecocert : 1575153000013 — ID Ecocert : 63578
297;;WOLF LINGERIE;2025;Renewal audit;4-Certification finished;SIRET manquant;"SIRET brut : """""
298;74562027800044;ROUTIN;2025;Documentary review;4-Certification finished;SIRET inconnu dans la base FEEF;SIRET Ecocert : 74562027800044 — ID Ecocert : 38582
301;1715010300046;HYGIENE ET NATURE;2025;Renewal audit;4-Certification finished;SIRET inconnu dans la base FEEF;SIRET Ecocert : 1715010300046 — ID Ecocert : 121132
303;59977943800031;ROSTAIN;2025;Renewal audit;3-Inspection finished - Pool;SIRET inconnu dans la base FEEF;SIRET Ecocert : 59977943800031 — ID Ecocert : 20424
307;35302694100032;PODER;2025;Renewal audit;4-Certification finished;SIRET inconnu dans la base FEEF;SIRET Ecocert : 35302694100032 — ID Ecocert : 20375
311;;LOBODIS;2025;Renewal audit;4-Certification finished;SIRET manquant;"SIRET brut : """""
313;;GROUPE FRANCAISE DE  GASTRONOMIE;2025;Additional inspection;4-Certification finished;SIRET manquant;"SIRET brut : """""
320;75720010000019;BISCUITS BOUVARD;2025;Renewal audit;4-Certification finished;SIRET inconnu dans la base FEEF;SIRET Ecocert : 75720010000019 — ID Ecocert : 62851
331;;Collectif AEB services;2025;Renewal audit;4-Certification finished;SIRET manquant;"SIRET brut : """""
341;57215120700030;SAINTE LUCIE;2025;Renewal audit;4-Certification finished;SIRET inconnu dans la base FEEF;SIRET Ecocert : 57215120700030 — ID Ecocert : 69710
349;44916448200050;ETHIQUABLE;2025;Documentary review;4-Certification finished;SIRET inconnu dans la base FEEF;SIRET Ecocert : 44916448200050 — ID Ecocert : 67846
351;34184205200027;MARO-OCEANS;2025;Documentary review;4-Certification finished;SIRET inconnu dans la base FEEF;SIRET Ecocert : 34184205200027 — ID Ecocert : 82354
355;38233895200015;SPH GERARD BERTRAND  - SITE PRINCIPAL;2025;Renewal audit;4-Certification finished;SIRET inconnu dans la base FEEF;SIRET Ecocert : 38233895200015 — ID Ecocert : 64142
359;56850321300023;RAIFALSA-ALELOR;2025;Renewal audit;4-Certification finished;SIRET inconnu dans la base FEEF;SIRET Ecocert : 56850321300023 — ID Ecocert : 30150
364;30088211500078;SAINT BERNARD;2025;Documentary review;4-Certification finished;SIRET inconnu dans la base FEEF;SIRET Ecocert : 30088211500078 — ID Ecocert : 199400
365;41265481600021;UPCS (Groupe DEBROAS);2025;Renewal audit;4-Certification finished;SIRET inconnu dans la base FEEF;SIRET Ecocert : 41265481600021 — ID Ecocert : 233854
371;;MADEMOISELLE DE MARGAUX;2025;Additional inspection;3-Inspection finished - Pool;SIRET manquant;"SIRET brut : """""
373;408061091000;SADAC;2025;Initial inspection;4-Certification finished;SIRET inconnu dans la base FEEF;SIRET Ecocert : 408061091000 — ID Ecocert : 51427
374;53273732700017;BRASSERIE DE VEZELAY;2025;Renewal audit;4-Certification finished;SIRET inconnu dans la base FEEF;SIRET Ecocert : 53273732700017 — ID Ecocert : 121964
376;5307800060025;MAISON MARLERE;2025;Renewal audit;4-Certification finished;SIRET inconnu dans la base FEEF;SIRET Ecocert : 5307800060025 — ID Ecocert : 168876
383;85580259100013;NATURE ET ALIMENTS;2025;Renewal audit;4-Certification finished;SIRET inconnu dans la base FEEF;SIRET Ecocert : 85580259100013 — ID Ecocert : 20269
391;90795192500037;Heritage;2025;Renewal audit;4-Certification finished;SIRET inconnu dans la base FEEF;SIRET Ecocert : 90795192500037 — ID Ecocert : 265308
393;32135524000037;JC DAVID;2025;Renewal audit;4-Certification finished;SIRET inconnu dans la base FEEF;SIRET Ecocert : 32135524000037 — ID Ecocert : 84552
395;;LOC MARIA;2025;Additional inspection;3-Certification in progress;SIRET manquant;"SIRET brut : """""
400;80524372200024;HOLLEA;2025;Renewal audit;4-Certification finished;SIRET inconnu dans la base FEEF;SIRET Ecocert : 80524372200024 — ID Ecocert : 156929
407;43523314300013;LES JARDINS DE L'ORBRIE;2025;Renewal audit;4-Certification finished;SIRET inconnu dans la base FEEF;SIRET Ecocert : 43523314300013 — ID Ecocert : 62762
410;63632053300012;POULIQUEN;2025;Documentary review;4-Certification finished;SIRET inconnu dans la base FEEF;SIRET Ecocert : 63632053300012 — ID Ecocert : 63056
415;821064847;CHICHE;2025;Initial inspection;4-Certification finished;SIRET inconnu dans la base FEEF;SIRET Ecocert : 821064847 — ID Ecocert : 166500
421;38863525200025;NATURALIM France Miel;2025;Renewal audit;4-Certification finished;SIRET inconnu dans la base FEEF;SIRET Ecocert : 38863525200025 — ID Ecocert : 21567
423;41420362000045;TREO;2025;Renewal audit;4-Certification finished;SIRET inconnu dans la base FEEF;SIRET Ecocert : 41420362000045 — ID Ecocert : 62426
427;;CALUIRE LEGUMES;2025;Initial inspection;4-Certification finished;SIRET manquant;"SIRET brut : """""
428;53844935600020;Groupe SECO SAS;2025;Renewal audit;4-Certification finished;SIRET inconnu dans la base FEEF;SIRET Ecocert : 53844935600020 — ID Ecocert : 287773
430;38466458700035;GROUPE LE GRAET;2025;Annual inspection;4-Certification finished;SIRET inconnu dans la base FEEF;SIRET Ecocert : 38466458700035 — ID Ecocert : 192231
431;39420218800147;ESPRIT DU SEL;2025;Renewal audit;4-Certification finished;SIRET inconnu dans la base FEEF;SIRET Ecocert : 39420218800147 — ID Ecocert : 67934
433;303229504;AGROBIOTHERS LABORATOIRE;2025;Documentary review;4-Certification finished;SIRET inconnu dans la base FEEF;SIRET Ecocert : 303229504 — ID Ecocert : 114616
444;83094262900015;BIOMERE (ex : Jubiles);2025;Renewal audit;4-Certification finished;SIRET inconnu dans la base FEEF;SIRET Ecocert : 83094262900015 — ID Ecocert : 167983
449;30887574900019;DELOUIS FILS;2025;Documentary review;4-Certification finished;SIRET inconnu dans la base FEEF;SIRET Ecocert : 30887574900019 — ID Ecocert : 20117
458;47998353800030;ALFAGEL;2025;Initial inspection;4-Certification finished;SIRET inconnu dans la base FEEF;SIRET Ecocert : 47998353800030 — ID Ecocert : 177177
460;5344551180040;FOODIZ SOLUTIONS;2025;Annual inspection;4-Certification finished;SIRET inconnu dans la base FEEF;SIRET Ecocert : 5344551180040 — ID Ecocert : 301081
465;37897020600033;FRUITS ROUGES & CO;2025;Initial inspection;4-Certification finished;SIRET inconnu dans la base FEEF;SIRET Ecocert : 37897020600033 — ID Ecocert : 298340
468;33985193300012;MARIE MORIN FRANCE;2025;Renewal audit;4-Certification finished;SIRET inconnu dans la base FEEF;SIRET Ecocert : 33985193300012 — ID Ecocert : 21004
474;62162092100075;CONFISERIE DU ROY RENE;2025;Documentary review;4-Certification finished;SIRET inconnu dans la base FEEF;SIRET Ecocert : 62162092100075 — ID Ecocert : 21952
482;84487722500012;MAISON SAVARY;2025;Initial inspection;3-Certification in progress;SIRET inconnu dans la base FEEF;SIRET Ecocert : 84487722500012 — ID Ecocert : 315104
485;40588005500059;LA RUCHE ROANNAISE BESACIER;2025;Renewal audit;4-Certification finished;SIRET inconnu dans la base FEEF;SIRET Ecocert : 40588005500059 — ID Ecocert : 24447
495;82038874200018;LECHEF BRETAGNE INTERNATIONAL;2025;Initial inspection;4-Certification finished;SIRET inconnu dans la base FEEF;SIRET Ecocert : 82038874200018 — ID Ecocert : 306621
497;35066817400054;MACEO GROUPE;2025;Initial inspection;2-Inspection in progress;SIRET inconnu dans la base FEEF;SIRET Ecocert : 35066817400054 — ID Ecocert : 194483
509;74562027800044;ROUTIN;2024;Annual inspection;4-Certification finished;SIRET inconnu dans la base FEEF;SIRET Ecocert : 74562027800044 — ID Ecocert : 38582
511;42488126600078;APIHA;2024;Annual inspection;4-Certification finished;SIRET inconnu dans la base FEEF;SIRET Ecocert : 42488126600078 — ID Ecocert : 129497
518;6820068200018;ETS PIERRE BOURRE;2024;Initial inspection;4-Certification finished;SIRET inconnu dans la base FEEF;SIRET Ecocert : 6820068200018 — ID Ecocert : 139041
519;5307800060025;MAISON MARLERE;2024;Documentary review;4-Certification finished;SIRET inconnu dans la base FEEF;SIRET Ecocert : 5307800060025 — ID Ecocert : 168876
520;;CIDRES LEBRUN;2024;Annual inspection;4-Certification finished;SIRET manquant;"SIRET brut : """""
522;54625022600026;BISCUITS CANTREAU;2024;Additional inspection;4-Certification finished;SIRET inconnu dans la base FEEF;SIRET Ecocert : 54625022600026 — ID Ecocert : 25006
524;38466458700035;GROUPE LE GRAET;2024;Annual inspection;4-Certification finished;SIRET inconnu dans la base FEEF;SIRET Ecocert : 38466458700035 — ID Ecocert : 192231
531;56850321300023;RAIFALSA-ALELOR;2024;Documentary review;4-Certification finished;SIRET inconnu dans la base FEEF;SIRET Ecocert : 56850321300023 — ID Ecocert : 30150
544;33985193300012;MARIE MORIN FRANCE;2024;Documentary review;4-Certification finished;SIRET inconnu dans la base FEEF;SIRET Ecocert : 33985193300012 — ID Ecocert : 21004
545;42698009000010;Maison GUINOU;2024;Additional inspection;4-Certification finished;SIRET inconnu dans la base FEEF;SIRET Ecocert : 42698009000010 — ID Ecocert : 301877
547;44916448200050;ETHIQUABLE;2024;Annual inspection;4-Certification finished;SIRET inconnu dans la base FEEF;SIRET Ecocert : 44916448200050 — ID Ecocert : 67846
553;75720010000019;BISCUITS BOUVARD;2024;Annual inspection;4-Certification finished;SIRET inconnu dans la base FEEF;SIRET Ecocert : 75720010000019 — ID Ecocert : 62851
566;53844935600020;Groupe SECO SAS;2024;Annual inspection;4-Certification finished;SIRET inconnu dans la base FEEF;SIRET Ecocert : 53844935600020 — ID Ecocert : 287773
569;35302694100032;PODER;2024;Documentary review;4-Certification finished;SIRET inconnu dans la base FEEF;SIRET Ecocert : 35302694100032 — ID Ecocert : 20375
578;59977943800031;ROSTAIN;2024;Documentary review;4-Certification finished;SIRET inconnu dans la base FEEF;SIRET Ecocert : 59977943800031 — ID Ecocert : 20424
588;;CULTURE MIEL;2024;Annual inspection;4-Certification finished;SIRET manquant;"SIRET brut : """""
591;55850337100178;GROUPE FRANCAISE DE  GASTRONOMIE;2024;Initial inspection;4-Certification finished;SIRET inconnu dans la base FEEF;SIRET Ecocert : 55850337100178 — ID Ecocert : 233287
596;1715010300046;HYGIENE ET NATURE;2024;Documentary review;4-Certification finished;SIRET inconnu dans la base FEEF;SIRET Ecocert : 1715010300046 — ID Ecocert : 121132
600;85580259100013;NATURE ET ALIMENTS;2024;Documentary review;4-Certification finished;SIRET inconnu dans la base FEEF;SIRET Ecocert : 85580259100013 — ID Ecocert : 20269
603;39420218800147;ESPRIT DU SEL;2024;Documentary review;4-Certification finished;SIRET inconnu dans la base FEEF;SIRET Ecocert : 39420218800147 — ID Ecocert : 67934
607;;WOLF LINGERIE;2024;Documentary review;4-Certification finished;SIRET manquant;"SIRET brut : """""
610;1575153000013;MULOT ET PETITJEAN;2024;Annual inspection;4-Certification finished;SIRET inconnu dans la base FEEF;SIRET Ecocert : 1575153000013 — ID Ecocert : 63578
614;83094262900015;BIOMERE (ex : Jubiles);2024;Documentary review;4-Certification finished;SIRET inconnu dans la base FEEF;SIRET Ecocert : 83094262900015 — ID Ecocert : 167983
623;;COMPAGNIE DES PATISSIERS;2024;Renewal audit;4-Certification finished;SIRET manquant;"SIRET brut : """""
625;41265481600021;UPCS (Groupe DEBROAS);2024;Annual inspection;4-Certification finished;SIRET inconnu dans la base FEEF;SIRET Ecocert : 41265481600021 — ID Ecocert : 233854
629;32135524000037;JC DAVID;2024;Documentary review;4-Certification finished;SIRET inconnu dans la base FEEF;SIRET Ecocert : 32135524000037 — ID Ecocert : 84552
630;62162092100075;CONFISERIE DU ROY RENE;2024;Renewal audit;4-Certification finished;SIRET inconnu dans la base FEEF;SIRET Ecocert : 62162092100075 — ID Ecocert : 21952
632;51910501900037;BIO PROVENCE;2024;Initial inspection;4-Certification finished;SIRET inconnu dans la base FEEF;SIRET Ecocert : 51910501900037 — ID Ecocert : 84370
633;80524372200024;HOLLEA;2024;Documentary review;4-Certification finished;SIRET inconnu dans la base FEEF;SIRET Ecocert : 80524372200024 — ID Ecocert : 156929
635;41026927800017;BIO FERME;2024;Additional inspection;4-Certification finished;SIRET inconnu dans la base FEEF;SIRET Ecocert : 41026927800017 — ID Ecocert : 114465
639;43523314300013;LES JARDINS DE L'ORBRIE;2024;Documentary review;4-Certification finished;SIRET inconnu dans la base FEEF;SIRET Ecocert : 43523314300013 — ID Ecocert : 62762
645;41420362000045;TREO;2024;Documentary review;4-Certification finished;SIRET inconnu dans la base FEEF;SIRET Ecocert : 41420362000045 — ID Ecocert : 62426
647;;ST HUBERT;2024;Additional inspection;4-Certification finished;SIRET manquant;"SIRET brut : """""
650;38238136600048;BISCUITERIE DE PROVENCE;2024;Annual inspection;4-Certification finished;SIRET inconnu dans la base FEEF;SIRET Ecocert : 38238136600048 — ID Ecocert : 66851
658;41031726700053;CSP PARIS FASHION GROUP;2024;Additional inspection;4-Certification finished;SIRET inconnu dans la base FEEF;SIRET Ecocert : 41031726700053 — ID Ecocert : 261502
662;30887574900019;DELOUIS FILS;2024;Renewal audit;4-Certification finished;SIRET inconnu dans la base FEEF;SIRET Ecocert : 30887574900019 — ID Ecocert : 20117
669;34184205200027;MARO-OCEANS;2024;Initial inspection;4-Certification finished;SIRET inconnu dans la base FEEF;SIRET Ecocert : 34184205200027 — ID Ecocert : 82354
672;57215120700030;SAINTE LUCIE;2024;Documentary review;4-Certification finished;SIRET inconnu dans la base FEEF;SIRET Ecocert : 57215120700030 — ID Ecocert : 69710
680;30088211500078;SAINT BERNARD;2024;Annual inspection;4-Certification finished;SIRET inconnu dans la base FEEF;SIRET Ecocert : 30088211500078 — ID Ecocert : 199400
684;;GROUPE FRANCAISE DE GASTRONOMIE;2024;Additional inspection;4-Certification finished;SIRET manquant;"SIRET brut : """""
687;;Collectif AEB services;2024;Documentary review;4-Certification finished;SIRET manquant;"SIRET brut : """""
688;90795192500037;Heritage;2024;Documentary review;4-Certification finished;SIRET inconnu dans la base FEEF;SIRET Ecocert : 90795192500037 — ID Ecocert : 265308
693;40588005500059;LA RUCHE ROANNAISE BESACIER;2024;Documentary review;4-Certification finished;SIRET inconnu dans la base FEEF;SIRET Ecocert : 40588005500059 — ID Ecocert : 24447
698;;RICA LEWIS;2024;Documentary review;4-Certification finished;SIRET manquant;"SIRET brut : """""
701;;LOBODIS;2024;Documentary review;4-Certification finished;SIRET manquant;"SIRET brut : """""
702;;ST HUBERT;2024;Renewal audit;4-Certification finished;SIRET manquant;"SIRET brut : """""
703;5344551180040;FOODIZ SOLUTIONS;2024;Initial inspection;4-Certification finished;SIRET inconnu dans la base FEEF;SIRET Ecocert : 5344551180040 — ID Ecocert : 301081
712;303229504;AGROBIOTHERS LABORATOIRE;2024;Annual inspection;4-Certification finished;SIRET inconnu dans la base FEEF;SIRET Ecocert : 303229504 — ID Ecocert : 114616
713;53273732700017;BRASSERIE DE VEZELAY;2024;Documentary review;4-Certification finished;SIRET inconnu dans la base FEEF;SIRET Ecocert : 53273732700017 — ID Ecocert : 121964
714;;BOYAUDERIE SISTERONNAISE;2024;Annual inspection;4-Certification finished;SIRET manquant;"SIRET brut : """""
717;50185556300018;AMERICAN DESSERTS;2024;Documentary review;4-Certification finished;SIRET inconnu dans la base FEEF;SIRET Ecocert : 50185556300018 — ID Ecocert : 127793
723;38863525200025;NATURALIM France Miel;2024;Documentary review;4-Certification finished;SIRET inconnu dans la base FEEF;SIRET Ecocert : 38863525200025 — ID Ecocert : 21567
725;45520300000019;LA COMPAGNIE DU BISCUIT;2024;Additional inspection;4-Certification finished;SIRET inconnu dans la base FEEF;SIRET Ecocert : 45520300000019 — ID Ecocert : 119320
727;;CRYSTAL;2024;Additional inspection;4-Certification finished;SIRET manquant;"SIRET brut : """""
728;63632053300012;POULIQUEN;2024;Annual inspection;4-Certification finished;SIRET inconnu dans la base FEEF;SIRET Ecocert : 63632053300012 — ID Ecocert : 63056
729;;EXTRUPLAST;2024;Annual inspection;4-Certification finished;SIRET manquant;"SIRET brut : """""
739;;LPA - LES P'TITS AMOUREUX;2023;Annual inspection;4-Certification finished;SIRET manquant;"SIRET brut : """""
743;80524372200024;HOLLEA;2023;Initial inspection;4-Certification finished;SIRET inconnu dans la base FEEF;SIRET Ecocert : 80524372200024 — ID Ecocert : 156929
751;38238136600048;BISCUITERIE DE PROVENCE;2023;Documentary review;4-Certification finished;SIRET inconnu dans la base FEEF;SIRET Ecocert : 38238136600048 — ID Ecocert : 66851
752;;COMPAGNIE DES PATISSIERS;2023;Annual inspection;4-Certification finished;SIRET manquant;"SIRET brut : """""
755;;LA BROSSE ET DUPONT;2023;Additional inspection;1-Inspection order created;SIRET manquant;"SIRET brut : """""
756;37934015100057;LOC MARIA BISCUIT;2023;Additional inspection;1-Inspection order created;SIRET inconnu dans la base FEEF;SIRET Ecocert : 37934015100057 — ID Ecocert : 245828
757;38863525200025;NATURALIM France Miel;2023;Initial inspection;4-Certification finished;SIRET inconnu dans la base FEEF;SIRET Ecocert : 38863525200025 — ID Ecocert : 21567
758;;CIDRES LEBRUN;2023;Documentary review;4-Certification finished;SIRET manquant;"SIRET brut : """""
761;53844935600020;Groupe SECO SAS;2023;Initial inspection;4-Certification finished;SIRET inconnu dans la base FEEF;SIRET Ecocert : 53844935600020 — ID Ecocert : 287773
766;49801422400014;VITANUTRITION;2023;Additional inspection;4-Certification finished;SIRET inconnu dans la base FEEF;SIRET Ecocert : 49801422400014 — ID Ecocert : 236053
767;35302694100032;PODER;2023;Annual inspection;4-Certification finished;SIRET inconnu dans la base FEEF;SIRET Ecocert : 35302694100032 — ID Ecocert : 20375
772;40588005500059;LA RUCHE ROANNAISE BESACIER;2023;Initial inspection;4-Certification finished;SIRET inconnu dans la base FEEF;SIRET Ecocert : 40588005500059 — ID Ecocert : 24447
775;63632053300012;POULIQUEN;2023;Documentary review;4-Certification finished;SIRET inconnu dans la base FEEF;SIRET Ecocert : 63632053300012 — ID Ecocert : 63056
777;;Collectif AEB services;2023;Renewal audit;4-Certification finished;SIRET manquant;"SIRET brut : """""
778;33985193300012;MARIE MORIN FRANCE;2023;Annual inspection;4-Certification finished;SIRET inconnu dans la base FEEF;SIRET Ecocert : 33985193300012 — ID Ecocert : 21004
782;49946953400022;LA BOUTIQUE LEA NATURE;2023;Additional inspection;1-Inspection order created;SIRET inconnu dans la base FEEF;SIRET Ecocert : 49946953400022 — ID Ecocert : 166419
789;30088211500078;SAINT BERNARD;2023;Documentary review;4-Certification finished;SIRET inconnu dans la base FEEF;SIRET Ecocert : 30088211500078 — ID Ecocert : 199400
791;37934015100131;LMT Biscuiteries;2023;Additional inspection;2-Inspector's Infoportal;SIRET inconnu dans la base FEEF;SIRET Ecocert : 37934015100131 — ID Ecocert : 166648
792;;EXTRUPLAST;2023;Documentary review;4-Certification finished;SIRET manquant;"SIRET brut : """""
803;81499482800022;LES GLACIERS PARISIENS (ALPEREL);2023;Annual inspection;4-Certification finished;SIRET inconnu dans la base FEEF;SIRET Ecocert : 81499482800022 — ID Ecocert : 166452
805;83094262900015;BIOMERE (ex : Jubiles);2023;Annual inspection;4-Certification finished;SIRET inconnu dans la base FEEF;SIRET Ecocert : 83094262900015 — ID Ecocert : 167983
812;30887574900019;DELOUIS FILS;2023;Documentary review;4-Certification finished;SIRET inconnu dans la base FEEF;SIRET Ecocert : 30887574900019 — ID Ecocert : 20117
816;;ICI&LA;2023;Documentary review;4-Certification finished;SIRET manquant;"SIRET brut : """""
826;75720010000019;BISCUITS BOUVARD;2023;Additional inspection;4-Certification finished;SIRET inconnu dans la base FEEF;SIRET Ecocert : 75720010000019 — ID Ecocert : 62851
827;39946423900017;PRIMEL GASTRONOMIE;2023;Additional inspection;1-Inspection order created;SIRET inconnu dans la base FEEF;SIRET Ecocert : 39946423900017 — ID Ecocert : 251062
832;;MADEMOISELLE DE MARGAUX;2023;Additional inspection;1-Inspection order created;SIRET manquant;"SIRET brut : """""
833;39420218800147;ESPRIT DU SEL;2023;Annual inspection;4-Certification finished;SIRET inconnu dans la base FEEF;SIRET Ecocert : 39420218800147 — ID Ecocert : 67934
835;;LA BROSSE ET DUPONT;2023;Additional inspection;1-Inspection order created;SIRET manquant;"SIRET brut : """""
836;55850337100137;GROUPE FRANCAISE DE GASTRONOMIE;2023;Additional inspection;4-Certification finished;SIRET inconnu dans la base FEEF;SIRET Ecocert : 55850337100137 — ID Ecocert : 107321
837;50185556300018;AMERICAN DESSERTS;2023;Annual inspection;4-Certification finished;SIRET inconnu dans la base FEEF;SIRET Ecocert : 50185556300018 — ID Ecocert : 127793
840;55850337100178;GROUPE FRANCAISE DE  GASTRONOMIE;2023;Annual inspection;4-Certification finished;SIRET inconnu dans la base FEEF;SIRET Ecocert : 55850337100178 — ID Ecocert : 233287
843;48005729800014;NOUVELLE FROMAGERIE DE VAUDES;2023;Additional inspection;1-Inspection order created;SIRET inconnu dans la base FEEF;SIRET Ecocert : 48005729800014 — ID Ecocert : 254060
853;;LOC MARIA;2023;Additional inspection;4-Certification finished;SIRET manquant;"SIRET brut : """""
854;;LA FRANCO ARGENTINE;2023;Annual inspection;4-Certification finished;SIRET manquant;"SIRET brut : """""
859;;CULTURE MIEL;2023;Documentary review;4-Certification finished;SIRET manquant;"SIRET brut : """""
863;1715010300046;HYGIENE ET NATURE;2023;Annual inspection;4-Certification finished;SIRET inconnu dans la base FEEF;SIRET Ecocert : 1715010300046 — ID Ecocert : 121132
864;90795192500037;Heritage;2023;Initial inspection;4-Certification finished;SIRET inconnu dans la base FEEF;SIRET Ecocert : 90795192500037 — ID Ecocert : 265308
865;;ST HUBERT;2023;Documentary review;4-Certification finished;SIRET manquant;"SIRET brut : """""
867;;BOYAUDERIE SISTERONNAISE;2023;Documentary review;4-Certification finished;SIRET manquant;"SIRET brut : """""
872;62162092100075;CONFISERIE DU ROY RENE;2023;Documentary review;4-Certification finished;SIRET inconnu dans la base FEEF;SIRET Ecocert : 62162092100075 — ID Ecocert : 21952
874;;WOLF LINGERIE;2023;Annual inspection;4-Certification finished;SIRET manquant;"SIRET brut : """""
879;;ALTHO;2023;Annual inspection;4-Certification finished;SIRET manquant;"SIRET brut : """""
888;44916448200050;ETHIQUABLE;2023;Documentary review;4-Certification finished;SIRET inconnu dans la base FEEF;SIRET Ecocert : 44916448200050 — ID Ecocert : 67846
889;1575153000013;MULOT ET PETITJEAN;2023;Documentary review;4-Certification finished;SIRET inconnu dans la base FEEF;SIRET Ecocert : 1575153000013 — ID Ecocert : 63578
890;66020113800030;HUILERIE EMILE NOEL;2023;Documentary review;4-Certification finished;SIRET inconnu dans la base FEEF;SIRET Ecocert : 66020113800030 — ID Ecocert : 20284
891;59977943800031;ROSTAIN;2023;Initial inspection;4-Certification finished;SIRET inconnu dans la base FEEF;SIRET Ecocert : 59977943800031 — ID Ecocert : 20424
894;38233895200015;SPH GERARD BERTRAND  - SITE PRINCIPAL;2023;Annual inspection;4-Certification finished;SIRET inconnu dans la base FEEF;SIRET Ecocert : 38233895200015 — ID Ecocert : 64142
895;56850321300023;RAIFALSA-ALELOR;2023;Annual inspection;4-Certification finished;SIRET inconnu dans la base FEEF;SIRET Ecocert : 56850321300023 — ID Ecocert : 30150
896;303229504;AGROBIOTHERS LABORATOIRE;2023;Documentary review;4-Certification finished;SIRET inconnu dans la base FEEF;SIRET Ecocert : 303229504 — ID Ecocert : 114616
898;85580259100013;NATURE ET ALIMENTS;2023;Annual inspection;4-Certification finished;SIRET inconnu dans la base FEEF;SIRET Ecocert : 85580259100013 — ID Ecocert : 20269
900;74562027800044;ROUTIN;2023;Documentary review;4-Certification finished;SIRET inconnu dans la base FEEF;SIRET Ecocert : 74562027800044 — ID Ecocert : 38582
902;;RICA LEWIS;2023;Renewal audit;4-Certification finished;SIRET manquant;"SIRET brut : """""
903;;OVALIS;2023;Documentary review;4-Certification finished;SIRET manquant;"SIRET brut : """""
904;49801422400014;VITANUTRITION;2023;Additional inspection;4-Certification finished;SIRET inconnu dans la base FEEF;SIRET Ecocert : 49801422400014 — ID Ecocert : 26880
909;75720010000019;BISCUITS BOUVARD;2023;Annual inspection;4-Certification finished;SIRET inconnu dans la base FEEF;SIRET Ecocert : 75720010000019 — ID Ecocert : 62851
910;57215120700030;SAINTE LUCIE;2023;Annual inspection;4-Certification finished;SIRET inconnu dans la base FEEF;SIRET Ecocert : 57215120700030 — ID Ecocert : 69710
912;42488126600078;APIHA;2023;Documentary review;4-Certification finished;SIRET inconnu dans la base FEEF;SIRET Ecocert : 42488126600078 — ID Ecocert : 129497
913;;PAGES VEDRENNE;2023;Additional inspection;4-Certification finished;SIRET manquant;"SIRET brut : """""
914;57595041500019;REITZEL BRIAND SITE CONNERRE;2023;Additional inspection;4-Certification finished;SIRET inconnu dans la base FEEF;SIRET Ecocert : 57595041500019 — ID Ecocert : 20506
915;43523314300013;LES JARDINS DE L'ORBRIE;2023;Annual inspection;4-Certification finished;SIRET inconnu dans la base FEEF;SIRET Ecocert : 43523314300013 — ID Ecocert : 62762
916;5307800060025;MAISON MARLERE;2023;Annual inspection;4-Certification finished;SIRET inconnu dans la base FEEF;SIRET Ecocert : 5307800060025 — ID Ecocert : 168876
919;41265481600021;UPCS (Groupe DEBROAS);2023;Annual inspection;4-Certification finished;SIRET inconnu dans la base FEEF;SIRET Ecocert : 41265481600021 — ID Ecocert : 233854
920;41420362000045;TREO;2023;Initial inspection;4-Certification finished;SIRET inconnu dans la base FEEF;SIRET Ecocert : 41420362000045 — ID Ecocert : 62426
928;;GROUPE FRANCAISE DE  GASTRONOMIE;2023;Initial inspection;4-Certification finished;SIRET manquant;"SIRET brut : """""
929;;COMPAGNIE DES PATISSIERS NORMANDIE;2023;Additional inspection;4-Certification finished;SIRET manquant;"SIRET brut : """""
931;;LOBODIS;2023;Annual inspection;4-Certification finished;SIRET manquant;"SIRET brut : """""
934;53273732700017;BRASSERIE DE VEZELAY;2023;Annual inspection;4-Certification finished;SIRET inconnu dans la base FEEF;SIRET Ecocert : 53273732700017 — ID Ecocert : 121964
941;;ESPROMER;2023;Annual inspection;4-Certification finished;SIRET manquant;"SIRET brut : """""
947;39420218800147;ESPRIT DU SEL;2022;Documentary review;4-Certification finished;SIRET inconnu dans la base FEEF;SIRET Ecocert : 39420218800147 — ID Ecocert : 67934
948;;OVALIS;2022;Initial inspection;4-Certification finished;SIRET manquant;"SIRET brut : """""
952;30887574900019;DELOUIS FILS;2022;Annual inspection;4-Certification finished;SIRET inconnu dans la base FEEF;SIRET Ecocert : 30887574900019 — ID Ecocert : 20117
953;;RICA LEWIS;2022;Documentary review;4-Certification finished;SIRET manquant;"SIRET brut : """""
954;;WOLF LINGERIE;2022;Documentary review;4-Certification finished;SIRET manquant;"SIRET brut : """""
955;;BOYAUDERIE SISTERONNAISE;2022;Annual inspection;4-Certification finished;SIRET manquant;"SIRET brut : """""
956;33985193300012;MARIE MORIN FRANCE;2022;Documentary review;4-Certification finished;SIRET inconnu dans la base FEEF;SIRET Ecocert : 33985193300012 — ID Ecocert : 21004
958;;ST HUBERT;2022;Renewal audit;4-Certification finished;SIRET manquant;"SIRET brut : """""
959;43523314300013;LES JARDINS DE L'ORBRIE;2022;Documentary review;4-Certification finished;SIRET inconnu dans la base FEEF;SIRET Ecocert : 43523314300013 — ID Ecocert : 62762
964;66020113800030;HUILERIE EMILE NOEL;2022;Initial inspection;4-Certification finished;SIRET inconnu dans la base FEEF;SIRET Ecocert : 66020113800030 — ID Ecocert : 20284
965;48005729800014;NOUVELLE FROMAGERIE DE VAUDES;2022;Additional inspection;4-Certification finished;SIRET inconnu dans la base FEEF;SIRET Ecocert : 48005729800014 — ID Ecocert : 254060
967;80524372200024;HOLLEA;2022;Initial inspection;1-Inspection order created;SIRET inconnu dans la base FEEF;SIRET Ecocert : 80524372200024 — ID Ecocert : 156929
968;56850321300023;RAIFALSA-ALELOR;2022;Documentary review;4-Certification finished;SIRET inconnu dans la base FEEF;SIRET Ecocert : 56850321300023 — ID Ecocert : 30150
970;63632053300012;POULIQUEN;2022;Initial inspection;4-Certification finished;SIRET inconnu dans la base FEEF;SIRET Ecocert : 63632053300012 — ID Ecocert : 63056
974;48516880100036;BRASSERIE LARCHE;2022;Initial inspection;4-Certification finished;SIRET inconnu dans la base FEEF;SIRET Ecocert : 48516880100036 — ID Ecocert : 123102
981;1715010300046;HYGIENE ET NATURE;2022;Documentary review;4-Certification finished;SIRET inconnu dans la base FEEF;SIRET Ecocert : 1715010300046 — ID Ecocert : 121132
986;44916448200050;ETHIQUABLE;2022;Annual inspection;4-Certification finished;SIRET inconnu dans la base FEEF;SIRET Ecocert : 44916448200050 — ID Ecocert : 67846
989;;ESPROMER;2022;Documentary review;4-Certification finished;SIRET manquant;"SIRET brut : """""
992;;JLF;2022;Documentary review;4-Certification finished;SIRET manquant;"SIRET brut : """""
994;55850337100178;GROUPE FRANCAISE DE  GASTRONOMIE;2022;Documentary review;4-Certification finished;SIRET inconnu dans la base FEEF;SIRET Ecocert : 55850337100178 — ID Ecocert : 233287
998;32135524000037;JC DAVID;2022;Annual inspection;4-Certification finished;SIRET inconnu dans la base FEEF;SIRET Ecocert : 32135524000037 — ID Ecocert : 84552
1001;5307800060025;MAISON MARLERE;2022;Documentary review;4-Certification finished;SIRET inconnu dans la base FEEF;SIRET Ecocert : 5307800060025 — ID Ecocert : 168876
1005;;ICI&LA;2022;Renewal audit;4-Certification finished;SIRET manquant;"SIRET brut : """""
1008;;KINDY PROJECT;2022;Documentary review;4-Certification finished;SIRET manquant;"SIRET brut : """""
1009;75720010000019;BISCUITS BOUVARD;2022;Initial inspection;2-Inspector's Infoportal;SIRET inconnu dans la base FEEF;SIRET Ecocert : 75720010000019 — ID Ecocert : 62851
1010;;COMPAGNIE DES PATISSIERS;2022;Initial inspection;4-Certification finished;SIRET manquant;"SIRET brut : """""
1015;811757640;TERRA CERES;2022;Documentary review;4-Certification finished;SIRET inconnu dans la base FEEF;SIRET Ecocert : 811757640 — ID Ecocert : 154367
1017;30088211500078;SAINT BERNARD;2022;Annual inspection;4-Certification finished;SIRET inconnu dans la base FEEF;SIRET Ecocert : 30088211500078 — ID Ecocert : 199400
1020;;FIMCO;2022;Documentary review;4-Certification finished;SIRET manquant;"SIRET brut : """""
1034;83190498200012;LUCIEN GEORGELIN CEREALES;2022;Annual inspection;4-Certification finished;SIRET inconnu dans la base FEEF;SIRET Ecocert : 83190498200012 — ID Ecocert : 180311
1041;57215120700030;SAINTE LUCIE;2022;Documentary review;4-Certification finished;SIRET inconnu dans la base FEEF;SIRET Ecocert : 57215120700030 — ID Ecocert : 69710
1049;303229504;AGROBIOTHERS LABORATOIRE;2022;Initial inspection;4-Certification finished;SIRET inconnu dans la base FEEF;SIRET Ecocert : 303229504 — ID Ecocert : 114616
1050;;GROUPE ROUTHIAU;2022;Annual inspection;4-Certification finished;SIRET manquant;"SIRET brut : """""
1055;35302694100032;PODER;2022;Documentary review;4-Certification finished;SIRET inconnu dans la base FEEF;SIRET Ecocert : 35302694100032 — ID Ecocert : 20375
1058;;GROUPE ROUTHIAU;2022;Annual inspection;4-Certification finished;SIRET manquant;"SIRET brut : """""
1063;41265481600021;UPCS (Groupe DEBROAS);2022;Annual inspection;4-Certification finished;SIRET inconnu dans la base FEEF;SIRET Ecocert : 41265481600021 — ID Ecocert : 233854
1065;;LPA - LES P'TITS AMOUREUX;2022;Documentary review;4-Certification finished;SIRET manquant;"SIRET brut : """""
1068;;LA FRANCO ARGENTINE;2022;Documentary review;4-Certification finished;SIRET manquant;"SIRET brut : """""
1069;;TRIPES PAILLARD;2022;Documentary review;4-Certification finished;SIRET manquant;"SIRET brut : """""
1074;37934015100198;LMT Biscuiteries (site de Pont Aven);2022;Additional inspection;4-Certification finished;SIRET inconnu dans la base FEEF;SIRET Ecocert : 37934015100198 — ID Ecocert : 66353
1080;81499482800022;LES GLACIERS PARISIENS (ALPEREL);2022;Documentary review;4-Certification finished;SIRET inconnu dans la base FEEF;SIRET Ecocert : 81499482800022 — ID Ecocert : 166452
1082;53273732700017;BRASSERIE DE VEZELAY;2022;Documentary review;4-Certification finished;SIRET inconnu dans la base FEEF;SIRET Ecocert : 53273732700017 — ID Ecocert : 121964
1088;;CULTURE MIEL;2022;Renewal audit;4-Certification finished;SIRET manquant;"SIRET brut : """""
1090;38238136600048;BISCUITERIE DE PROVENCE;2022;Annual inspection;4-Certification finished;SIRET inconnu dans la base FEEF;SIRET Ecocert : 38238136600048 — ID Ecocert : 66851
1091;52875804800011;EURO 5;2022;Initial inspection;4-Certification finished;SIRET inconnu dans la base FEEF;SIRET Ecocert : 52875804800011 — ID Ecocert : 255108
1098;;EXTRUPLAST;2022;Annual inspection;4-Certification finished;SIRET manquant;"SIRET brut : """""
1102;1575153000013;MULOT ET PETITJEAN;2022;Annual inspection;4-Certification finished;SIRET inconnu dans la base FEEF;SIRET Ecocert : 1575153000013 — ID Ecocert : 63578
1104;;LOBODIS;2022;Documentary review;4-Certification finished;SIRET manquant;"SIRET brut : """""
1110;;NUTRIANNE;2022;Renewal audit;4-Certification finished;SIRET manquant;"SIRET brut : """""
1111;74562027800044;ROUTIN;2022;Annual inspection;4-Certification finished;SIRET inconnu dans la base FEEF;SIRET Ecocert : 74562027800044 — ID Ecocert : 38582
1115;;AQUITAINE SPECIALITES;2022;Documentary review;4-Certification finished;SIRET manquant;"SIRET brut : """""
1118;;CAROLA;2022;Documentary review;4-Certification finished;SIRET manquant;"SIRET brut : """""
1120;85580259100013;NATURE ET ALIMENTS;2022;Documentary review;4-Certification finished;SIRET inconnu dans la base FEEF;SIRET Ecocert : 85580259100013 — ID Ecocert : 20269
1122;75720010000019;BISCUITS BOUVARD;2022;Initial inspection;4-Certification finished;SIRET inconnu dans la base FEEF;SIRET Ecocert : 75720010000019 — ID Ecocert : 62851
1129;50185556300018;AMERICAN DESSERTS;2022;Documentary review;4-Certification finished;SIRET inconnu dans la base FEEF;SIRET Ecocert : 50185556300018 — ID Ecocert : 127793
1130;;CIDRES LEBRUN;2022;Annual inspection;4-Certification finished;SIRET manquant;"SIRET brut : """""
1131;62162092100075;CONFISERIE DU ROY RENE;2022;Annual inspection;4-Certification finished;SIRET inconnu dans la base FEEF;SIRET Ecocert : 62162092100075 — ID Ecocert : 21952